path,category,scope,bytes,lines,sha256
docs/ACQUISITION_REELLE.md,Guide technique,Lire conjointement avec ETAT_COURANT.md,6731,78,8fe3ee06d846a7460b806f25db0dedddf8b2aa67b9293db6f6842cf8a7e42a7e
docs/ADAPTATEURS_EXTERNES.md,Guide technique,Lire conjointement avec ETAT_COURANT.md,2731,19,c01eca7811bf7d233a894e2b988d0776672557783db49887bc31cefa4c02413c
docs/ARCHIVES.md,Guide technique,Lire conjointement avec ETAT_COURANT.md,2950,25,394bba9bde815288b05b563b564e9e29c7c8b5bfdd58272c2916abeedd7f5b4e
docs/AUTOMATIONS_VALIDATION_2026-09-18.md,Rapport historique,Resultats limites a sa date,4319,44,ed38a3a97201870a04dbcecf5c69a586814ed2f65c711422499caec2e6470000
docs/AUTOMATISATIONS.md,Guide technique,Lire conjointement avec ETAT_COURANT.md,6435,78,52a280e88eeb05678757c05dd1c9d1a8e98f5574a0bcc66ee783078b105e0f9c
docs/CATALOGUE_FONCTIONNALITES_V1_ACTUALISE.docx,Guide technique,Lire conjointement avec ETAT_COURANT.md,41004,,fc7c6ffed446993e12e537cffdc2e2688543c120cce8a56c4a5363cc6aba9738
docs/CHIFFRAGE_V1.csv,Guide technique,Lire conjointement avec ETAT_COURANT.md,1732,19,d1b1c3bf226e0763cfd1d2bed1c8e29cf4ea13e6664e881a8147b0d9d15858ae
docs/CHIFFRAGE_V1.md,Guide technique,Lire conjointement avec ETAT_COURANT.md,2625,18,0127cb2f20d882f829d783d3e00792df2f2166c073b7b9d4fcac5256a8303b48
docs/CLINICAL_SKILLS_2026-09-18.md,Rapport historique,Resultats limites a sa date,23240,138,693cc63a780d213d0fa5352d9e56bea5af964185b5799c477be9541fff36621c
docs/CONSERVATION_UTILISATEURS_REELS.md,Guide technique,Lire conjointement avec ETAT_COURANT.md,9818,73,b6719b4d17ad624a749f2c5f3d2d1950543f12a9ae7191ba4deb2c6aca713573
docs/CONTENU_VAULT_V1.docx,Guide technique,Lire conjointement avec ETAT_COURANT.md,38052,,8baf53089d16488a1c48d753c7c6cf8a08ce309af90bf72abb1c489e9ee06ea0
docs/DECISIONS_V1.md,Guide technique,Lire conjointement avec ETAT_COURANT.md,3359,37,25f1f59155078189644ef6e3658f3173aa6e0b1f13883324434e960fd15516ed
docs/DEPLOIEMENT_INVENTAIRE.md,Guide technique,Lire conjointement avec ETAT_COURANT.md,3359,33,8ac495f5f0b8d7acf17c233e0c8c7e6dc6e0838e86ec83418fb787a64b0bd0f1
docs/DEPLOIEMENT_PRODUCTION.md,Guide technique,Lire conjointement avec ETAT_COURANT.md,1954,23,c140c117d4159d4e1b13529170d12795a3a87a50a3ba8e4b21646eab0cd53be6
docs/EMAILS_LIVRAISON.md,Guide technique,Lire conjointement avec ETAT_COURANT.md,5466,42,1c1114085d3bb7e65bd77539303319c67dd5219c45367c9c2d73d9877da19be3
docs/EMAILS_MISSIONS.md,Guide technique,Lire conjointement avec ETAT_COURANT.md,4691,38,465461a47b2cd84896939f0dc1131ef64bdda459c30b90770dd6827340c39b0f
docs/ENTERPRISE_FOLLOW_UP.md,Guide technique,Lire conjointement avec ETAT_COURANT.md,2124,40,ef3dd376c793c4f80e55b360e39a144bae0c98c8e289ffb234d5a5073223c0ab
docs/ENTERPRISE_MISSION_SEARCH_2026-09-18.md,Rapport historique,Resultats limites a sa date,2031,15,0322c5bbfa6f3c17e92bc25ac831abec6b431813359ef8b1ac25e4f91e717449
docs/ETAT_COURANT.md,Guide technique,Lire conjointement avec ETAT_COURANT.md,5365,52,1ff6d677ba0d3f9204336a31d81650ccb95cc52a132b8832949eb0aebbba903b
docs/EXPLICATION_MATCHING_DONNEES_MANQUANTES.docx,Guide technique,Lire conjointement avec ETAT_COURANT.md,38242,,e1cd332dadc85066b0254b340b48530b722a49e9f414f6a33c0b650821eee318
docs/EXPLICATION_MATCHING_DONNEES_MANQUANTES.md,Guide technique,Lire conjointement avec ETAT_COURANT.md,3508,35,06308144a9121a566977f34fad4f25d95e1d2aa755bacb18247d636d7fe5a8e2
docs/FLUX_V1.md,Guide technique,Lire conjointement avec ETAT_COURANT.md,10007,173,09aaba45eb553e47d76f1ac9b1aee97617b8a466b17686de5d99017b43f24bea
docs/FRONTEND_AUTH_GOOGLE.md,Guide technique,Lire conjointement avec ETAT_COURANT.md,4569,52,76c2a4b196c769305f71481c3d54f1ab7a5720e614c0e85c499e5570f0d5dcbc
docs/GARDE_FOU_DOUBLONS_OFFRES.md,Guide technique,Lire conjointement avec ETAT_COURANT.md,1858,11,090fa7c804e593c1f48f4e845531cd2a0ec03753f7e8865d6981221e5db851a0
docs/GUIDE_UTILISATEUR.md,Guide technique,Lire conjointement avec ETAT_COURANT.md,3556,34,621235b6466a566d34075fa0c8f8fecd79477fd3d1a0fe58ccd89c764ef84a0c
docs/JOBSPIPE_V1.md,Guide technique,Lire conjointement avec ETAT_COURANT.md,1729,17,c7acab4675512a86e452cd60ac70ab5d4a7d98fb83ccd3878c6359529cd74b74
docs/NOTIFICATIONS_DISCORD.md,Guide technique,Lire conjointement avec ETAT_COURANT.md,4615,44,709590ef487bc858e182b9541ac17ec4d10c3aff67dec343dfcf94dbd3175d8e
docs/OFFRES_EXTERNES_V1.md,Guide technique,Lire conjointement avec ETAT_COURANT.md,6199,57,799094baa209160c5a857ce9c5e90556eb23d09753acd627fdb5a78f8ef73fbf
docs/PLANNING_4_PERSONNES_11_JOURS.md,Guide technique,Lire conjointement avec ETAT_COURANT.md,5303,45,898074223a2c407020874419caf1127e8e5df300113e3bdb81af0846997fa58a
docs/PRACTICE_SERVICES_2026-09-18.md,Rapport historique,Resultats limites a sa date,2369,17,f2a11b86c87cc3378802d76119304f597520dd8907cbb14aded4ddbdd79390f4
docs/README.md,Guide technique,Lire conjointement avec ETAT_COURANT.md,2421,44,3cd0bc97943b410d1416d67c3afea98ded7b9ee5bb11ca9474903196fc38adfd
docs/RECETTE_BACKEND_V1.md,Guide technique,Lire conjointement avec ETAT_COURANT.md,9259,88,1f25a68e2326062f746179eb14e9ab2487746861e8bd45988c209f8cde4e3f3a
docs/RECTIFICATIF_CATALOGUE_V1.docx,Guide technique,Lire conjointement avec ETAT_COURANT.md,40210,,30b8a344c26090e6b7a033d072b418674f95b3af9538ed923732c5ce7bd258f5
docs/RECTIFICATIF_CATALOGUE_V1.md,Guide technique,Lire conjointement avec ETAT_COURANT.md,8446,97,d79b9a6118b940e0905e0a9a573a7fb5bc4824e766343ef973ab005eb8421809
docs/REQUIREMENTS_V1.md,Guide technique,Lire conjointement avec ETAT_COURANT.md,8920,79,cd0b1caf9ad0919a98f96dedd23786ff4883e7f8670b578e4a5aa997b1d4d27c
docs/SCHEMA_ARCHITECTURE_V1.md,Guide technique,Lire conjointement avec ETAT_COURANT.md,6250,74,be09fb5c8b2487222587f84e59ae27d8d59c855000521f0e15902f75075acc21
docs/SOURCES_SHA256.json,Guide technique,Lire conjointement avec ETAT_COURANT.md,725,8,85d4fa70a7b78ea08273d3e8e6d12d3cf184c1a6932ebd9bd69d8d41005bf871
docs/SOURCE_MANIFEST.json,Guide technique,Lire conjointement avec ETAT_COURANT.md,534,6,a3959f5faeb33e0dbf4b519545e492674c9c9ca3f6eaefaf0cf34e243c7da363
docs/VAULT_V1.md,Guide technique,Lire conjointement avec ETAT_COURANT.md,2987,43,d15573cf93f81d614c8249d7a2324db123111c32cf05fff18786b579fa6eccc5
docs/VERIFICATION_DOCUMENTAIRE_2026-09-21.md,Rapport historique,Resultats limites a sa date,3403,33,18e922c5a857f26b55b3536e543e0296590165e3a1367e5b01b1dc600328a20b
docs/architecture-v1.mmd,Guide technique,Lire conjointement avec ETAT_COURANT.md,1135,18,4009d52165fcbb0874dd96874d3c0d26647793288c35b83dd99c682413eb31dd
docs/audits/2026-09-24-notifications/AUDIT_NOTIFICATIONS.md,Campagne ou procedure specialisee,"Verifier date, limites et etat courant",10726,102,26029df7a5cc901caccae0abbfbd95875935140a3561bcdac4425a8d19f26e39
docs/audits/2026-09-24-notifications/preuves-tests.json,Campagne ou procedure specialisee,"Verifier date, limites et etat courant",1419,72,e3845400850bfa6ec1e6611fd15b877c163e2f192ed7f3a22c27beb758e89e25
docs/business/2026-09-24/COMPARAISON_COMPLETE.md,Chiffrage prospectif,Hypotheses declarees; pas des factures,7289,70,319d9d1eb6ccd986b49e0c2a40225e0f4101f0cc63747bc8067527eda8d049d6
docs/business/2026-09-24/DOSSIER_RENTABILITE_COMPLET.pdf,Chiffrage prospectif,Hypotheses declarees; pas des factures,152832,,7ad862df9e9c622d631b6608abc7deeead845bcdab4c7e0051784b66ab734eda
docs/business/2026-09-24/EXPLICATIONS_MOIS_ANNEE_SALAIRE.pdf,Chiffrage prospectif,Hypotheses declarees; pas des factures,52504,,b6f4ef55ceb42e1a4ef8844bb38d876c08f73d2bdaf7425946614c007343ad8a
docs/business/2026-09-24/README.md,Chiffrage prospectif,Hypotheses declarees; pas des factures,10761,90,cc142d2e328f5ab137946d60c867902626069bd7f46bd7e1d1396b119aae7001
docs/business/2026-09-24/RENTABILITE.md,Chiffrage prospectif,Hypotheses declarees; pas des factures,5640,58,20f6710b2e2eaa4e8dbb7ba01b99fb87bf87aa6a44ea6588aee2480f6dae335e
docs/business/2026-09-24/comparaison-ca-couts-benefice.png,Chiffrage prospectif,Hypotheses declarees; pas des factures,350924,,8daf190549d1140ed4119bb0c493e7034867c4397ea5e9a0ace9a23f81ff4b7a
docs/business/2026-09-24/comparaison-ca-resultat.csv,Chiffrage prospectif,Hypotheses declarees; pas des factures,9712,136,edd96b16f6b3158757634fab5a6b63f73314261eab063c33f71c5e6f43dea90e
docs/business/2026-09-24/comparaison-commerciale.pdf,Chiffrage prospectif,Hypotheses declarees; pas des factures,46686,,fd01601c6369b887042e9e7f07de58bf5daa230f9db1092e7a036f62837af08a
docs/business/2026-09-24/comparaison-sensibilite-clients.png,Chiffrage prospectif,Hypotheses declarees; pas des factures,225982,,cbf207b85df46dd6dc494c021fb2318e58b4276c644577114a362316e2db2407
docs/business/2026-09-24/cout-par-mission.csv,Chiffrage prospectif,Hypotheses declarees; pas des factures,310,9,4cf089cf36a03f6912b3091ab1911ccee3c4fe5514ec1ad98b2101f49dbc5774
docs/business/2026-09-24/cout-par-mission.pdf,Chiffrage prospectif,Hypotheses declarees; pas des factures,35318,,dd6fc1a69c333f77f82f39f1993cba4e0c265e2832ab9d7e76702c63ec47dacd
docs/business/2026-09-24/cout-par-mission.png,Chiffrage prospectif,Hypotheses declarees; pas des factures,200172,,82f49457d3d486700c1eca8c33d32bc6abbf35831b6315a0e8701411dfa4a842
docs/business/2026-09-24/cout-par-mission.svg,Chiffrage prospectif,Hypotheses declarees; pas des factures,107679,3129,adfc318ea2ee3fb801106eef489278a41289fc771f4b353300c3da67d89f9033
docs/business/2026-09-24/explication-ca-resultat.png,Chiffrage prospectif,Hypotheses declarees; pas des factures,178788,,7cb134733a84d840c6e8a04656783a44a767acfc9816e48204ffbf6da0360a45
docs/business/2026-09-24/explication-mois-annee.png,Chiffrage prospectif,Hypotheses declarees; pas des factures,196292,,7ba1f33d03646897c698e76ee0929fac6100b22e147cb9b33a22123ba58de455
docs/business/2026-09-24/explication-salaire.png,Chiffrage prospectif,Hypotheses declarees; pas des factures,210414,,46d7c23c99a430fe16060b4a8a2043f12464504d5a5a623d728d9e2b0eda76d0
docs/business/2026-09-24/generate-commercial-comparison.py,Chiffrage prospectif,Hypotheses declarees; pas des factures,8088,101,08d8ed8e9995f7f4fb42b824cfa93a71ce17b7d252a5c4e0d8addb286ad23365
docs/business/2026-09-24/generate-cost-chart.py,Chiffrage prospectif,Hypotheses declarees; pas des factures,3208,44,89a8d97c66e92cb5c00faede90158b219e565320acfbdebd12dba5e419bb0c71
docs/business/2026-09-24/generate-monthly-annual.py,Chiffrage prospectif,Hypotheses declarees; pas des factures,8320,101,ecd5aed595454aaa62971a82d592ec850f3c366e454fbd65d39fb68f3f2abe9e
docs/business/2026-09-24/generate-profitability.py,Chiffrage prospectif,Hypotheses declarees; pas des factures,8060,108,fb84ed87e9fd36ba420b63eaa872e3d4c35ca215cdadba687ab9b9fc50832c21
docs/business/2026-09-24/rentabilite-comparaison.png,Chiffrage prospectif,Hypotheses declarees; pas des factures,167349,,8ba84dda9ff433a10072f431a5a4ad4e3662d4bb76d907a85dc258ab5a7a8ef1
docs/business/2026-09-24/rentabilite-forfait.png,Chiffrage prospectif,Hypotheses declarees; pas des factures,212891,,89437b0063f112888f95cfb591bc56d51abadd3652415fadca5d3a4ca6c12aff
docs/business/2026-09-24/rentabilite-mission.png,Chiffrage prospectif,Hypotheses declarees; pas des factures,215209,,b001cbc96bccaa6ac13c448bb4878ea2396f4c465dd952f1d6e7a4fe36f5c2d6
docs/business/2026-09-24/rentabilite-mixte.png,Chiffrage prospectif,Hypotheses declarees; pas des factures,232623,,6492f7dd0b5aeed911f122621cd242f014ffee48f785904457b91d30bd43ae1e
docs/business/2026-09-24/rentabilite-scenarios.csv,Chiffrage prospectif,Hypotheses declarees; pas des factures,2491,37,a50eaa612b8fc50e4837414b3e0dd97855eb80aafb9334509ac848413ee4c671
docs/business/2026-09-24/rentabilite-scenarios.xlsx,Chiffrage prospectif,Hypotheses declarees; pas des factures,7049,,a04ceccf5b15ca69470d673290db9c67ddecb48640f547c356c5c1e34f9c2d69
docs/business/2026-09-24/rentabilite-trois-propositions.pdf,Chiffrage prospectif,Hypotheses declarees; pas des factures,54630,,2d3d2e90cc2ea6e2cacb201f8ac53102f189e4a2ba9a738aaf3e6dccb61661b4
docs/cout-projet/COUT_REALISATION_INFIMATCH.pdf,Guide technique,Lire conjointement avec ETAT_COURANT.md,44341,,af2478761c574df9bf01ecc5cf22ec793cdb422c4c9b180cd957b52506674c02
docs/cout-projet/README.md,Guide technique,Lire conjointement avec ETAT_COURANT.md,2926,35,d9c886ee180297d01351a56c4b475de43bd85cff89753d18ea12ab0e04e7b0f0
docs/diagrams/architecture-infimatch-v1.pdf,Guide technique,Lire conjointement avec ETAT_COURANT.md,78878,,838385b7f338943eeb298fc18242c5a2b0385e06b4caf09051dbb70a3e61632b
docs/diagrams/architecture-infimatch-v1.png,Guide technique,Lire conjointement avec ETAT_COURANT.md,245151,,4af0f7e79bfd400b2af8259ab2c8a04c513605d6b9c4928edfc80d4519239559
docs/diagrams/architecture-infimatch-v1.svg,Guide technique,Lire conjointement avec ETAT_COURANT.md,9922,74,6fe7de1511c4d0dd6ce5b60bcaefdf4ffc0b9ca7e1fa542dc70a55d6ee6b72fe
docs/integrations-n8n-preuves-20260923.md,Rapport historique,Resultats limites a sa date,7673,66,ad84f61be968720782e969f43ade3e928e086e65054e49132349e332625870cf
docs/n8n/2026-09-24/README.md,Workflow prepare,Inactif; ne prouve pas le deploiement,1360,13,cf1c038252bd517046c8769c739eff758d84290c6cdd35815fa0e7d486bc2811
docs/n8n/2026-09-24/relances-multicanales.json,Workflow prepare,Inactif; ne prouve pas le deploiement,8186,329,d2eb929bee4ef0fd2d131e137021d10cdb76b984d7e22b2177477c6068663a19
docs/n8n/InfiMatch-production-cancellation.json,Configuration n8n maintenue,Distincte de la photographie publiee,2480,99,af3cc86c18199cf68ca25f6e75896a3a48b458b89cda398d466bd32cf90de5e3
docs/n8n/InfiMatch-production-confirmation.json,Configuration n8n maintenue,Distincte de la photographie publiee,2480,99,783c3101e45e9c52fa8b8ba6dd6ab62b7637b4f1ac9cbbb5c690e7e2feec4f99
docs/n8n/InfiMatch-production-import-France-Travail.json,Configuration n8n maintenue,Distincte de la photographie publiee,4984,188,6b8342c5ffa2b340ccce9db896719cdeddcd99831301a66ea2ed548c6de444e3
docs/n8n/InfiMatch-production-import-JobsPipe.json,Configuration n8n maintenue,Distincte de la photographie publiee,4969,188,13a1f1370a956bc2e64c549dff1b8bb85831f313b81e64173a00e08d46733507
docs/n8n/InfiMatch-production-matches.json,Configuration n8n maintenue,Distincte de la photographie publiee,2465,99,eaf7daca77ee637beee232790899349734d44094c3681d6996b445f534a69b76
docs/n8n/InfiMatch-production-reminders.json,Configuration n8n maintenue,Distincte de la photographie publiee,1793,75,68d8f021178797df696692dcd615697868d098c986596470ac780983d80c2a21
docs/n8n/InfiMatch-production-reprise-et-rappels.json,Configuration n8n maintenue,Distincte de la photographie publiee,5571,236,32590868b22abd18a59d7e7857956c8d0a2ff21e3938131d9cd338ada2da3ff0
docs/n8n/discord-channel-test.json,Configuration n8n maintenue,Distincte de la photographie publiee,3467,99,643c6a765f12ff8c053a2270595bada89accfd18f0c6537a7527a7fa916c840f
docs/n8n/discord-messages.json,Configuration n8n maintenue,Distincte de la photographie publiee,1092,17,d46a1cfaef0f4683b32ec042014587a44b2cd7eeeb54a3fba123c1a6ab8dbb2c
docs/n8n/discord-user-test.json,Configuration n8n maintenue,Distincte de la photographie publiee,3463,99,a1eb5e3d682147aae0331469a332152eb2790bf370fc6fc78ec3f6119d53bd2c
docs/n8n/legacy-demo-suppression.md,Configuration n8n maintenue,Distincte de la photographie publiee,4438,27,92fa3375a11083ea48507875eda31799491e66e415255658e92a4ec4e4d42410
docs/n8n/maintenance-quotidienne.json,Configuration n8n maintenue,Distincte de la photographie publiee,1830,78,9adb79918cf6470bf7a125c894a368c74edb1b7eed0b00983f7afa3028423f9c
docs/n8n/published-20260923/InfiMatch-production-cancellation.json,Photographie n8n datee,Ne pas modifier la provenance observee,2480,99,af3cc86c18199cf68ca25f6e75896a3a48b458b89cda398d466bd32cf90de5e3
docs/n8n/published-20260923/InfiMatch-production-confirmation.json,Photographie n8n datee,Ne pas modifier la provenance observee,2480,99,783c3101e45e9c52fa8b8ba6dd6ab62b7637b4f1ac9cbbb5c690e7e2feec4f99
docs/n8n/published-20260923/InfiMatch-production-import-France-Travail.json,Photographie n8n datee,Ne pas modifier la provenance observee,5043,189,3c4c56182a31efbbafcc57e2d7eb5ff00641a67d5e494ba73f18a4bc498fda2f
docs/n8n/published-20260923/InfiMatch-production-import-JobsPipe.json,Photographie n8n datee,Ne pas modifier la provenance observee,5028,189,bb3e61776efb0ef43deabc98927525c1147614e97191bce7be85497bcf6e8d81
docs/n8n/published-20260923/InfiMatch-production-maintenance-quotidienne.json,Photographie n8n datee,Ne pas modifier la provenance observee,1830,78,9adb79918cf6470bf7a125c894a368c74edb1b7eed0b00983f7afa3028423f9c
docs/n8n/published-20260923/InfiMatch-production-matches.json,Photographie n8n datee,Ne pas modifier la provenance observee,2465,99,eaf7daca77ee637beee232790899349734d44094c3681d6996b445f534a69b76
docs/n8n/published-20260923/InfiMatch-production-reminders.json,Photographie n8n datee,Ne pas modifier la provenance observee,1793,75,68d8f021178797df696692dcd615697868d098c986596470ac780983d80c2a21
docs/n8n/published-20260923/InfiMatch-production-reprise-et-rappels.json,Photographie n8n datee,Ne pas modifier la provenance observee,5548,235,ca995a44e75f35104b65e0328a9313849099033314f8ec72f4ede6bca2bfcc02
docs/n8n/published-20260923/README.md,Photographie n8n datee,Ne pas modifier la provenance observee,2653,22,84db61eca51e0a340b4395d68a43ada70e91a590583dd0c88b9dc7d046a733e9
docs/n8n/published-20260923/discord-relay.json,Photographie n8n datee,Ne pas modifier la provenance observee,3120,96,2ef9ac9ea883d23940b97083ea91314b6208f68ae8b4ad8fadd8dc24895ecbd5
docs/n8n/published-20260923/manifest.json,Photographie n8n datee,Ne pas modifier la provenance observee,4576,107,385611d8102d1e94afe5ab594804fdefa4ad4eff87f6be034f37105e69fcc81b
docs/n8n/teams-connection-test.json,Configuration n8n maintenue,Distincte de la photographie publiee,1542,68,2b27f6fdf1a0bc71113703de3c33a0b9802b404e6c8781654fa57f8d8a00670f
docs/openapi.json,Guide technique,Lire conjointement avec ETAT_COURANT.md,995666,33515,cbdc98af63262398b2a97aa1699151d49bb0223968ae3e61cd6d83793940ac47
docs/presentation/DEMONSTRATION.md,Support historique remplace,Utiliser le rendu du 23/09 et ses complements du 24/09,4835,38,bfb23fac889e48e17a6a6a2c1badac06d9dfd3c3b604c7eeec1573a883436814
docs/presentation/DOSSIER_SOUTENANCE.md,Support historique remplace,Utiliser le rendu du 23/09 et ses complements du 24/09,11966,93,a6a6e3d0c52fd664a79a2ec298eeadb6e605db9f14bfcb22aa00e4abaa76efe8
docs/presentation/InfiMatch_Soutenance.pdf,Support historique remplace,Utiliser le rendu du 23/09 et ses complements du 24/09,92517,,1c8111947d5267f8f3b66cda67dfb5005f0aca499308e8a8f4c97fcd9574bde1
docs/presentation/InfiMatch_Soutenance.pptx,Support historique remplace,Utiliser le rendu du 23/09 et ses complements du 24/09,69572,,3e6084988289d52fe3e2e5181b1dc0a20b79b451c02a58bb543d18a7ed2a9b2b
docs/presentation/apercu-01.png,Support historique remplace,Utiliser le rendu du 23/09 et ses complements du 24/09,106275,,baa142b218b760981b8894033ea923d8d05b8be4dcb7969a74344de2e34928d4
docs/presentation/apercu-02.png,Support historique remplace,Utiliser le rendu du 23/09 et ses complements du 24/09,128213,,c177e3754bc1e90969405457689a0b3143b2e34f958656523645cb8a2a59b037
docs/presentation/apercu-06.png,Support historique remplace,Utiliser le rendu du 23/09 et ses complements du 24/09,119877,,510d291202f571c7e44600c95bef8698f2c563038505663cd29a6dbf6608b7e8
docs/presentation/apercu-11.png,Support historique remplace,Utiliser le rendu du 23/09 et ses complements du 24/09,123254,,eaea5eafea075a407cdf553a61afa51074f56df559405504837fcc0e9cb6ca85
docs/presentation/generate.py,Support historique remplace,Utiliser le rendu du 23/09 et ses complements du 24/09,4258,64,8a28ea201a58eb881505fef9c9fb417f1d74af3c2bbb33c6c0f11ea208eda997
docs/presentation/slides.json,Support historique remplace,Utiliser le rendu du 23/09 et ses complements du 24/09,10161,122,88ee9028f4cbddbd7901ebdb31cec8eb90a8076aa070837d1a68ed233e5722f2
docs/presentation/validation-document.json,Support historique remplace,Utiliser le rendu du 23/09 et ses complements du 24/09,234,15,92c7182607b6c53432cd81bb993ca4610ef291a9fd4585d1365959883a3628a2
docs/presentation/validation-layout.json,Support historique remplace,Utiliser le rendu du 23/09 et ses complements du 24/09,2201,146,3c97171f3c11816209897e6eeb57a568fb56843eb52ad39da53d8d6ce2391b35
docs/proofs/admin-source-buttons-20260923/browser.txt,Preuve datee,Conserver sa campagne et son perimetre,235,1,0ef48746eb3c8362568d28154f43a684c71198fc08845a21eabfbe44ca202bc8
docs/proofs/admin-source-buttons-20260923/build.txt,Preuve datee,Conserver sa campagne et son perimetre,1263,25,d9a31aba5a87caaf17f1de214a502fb8fcacd44429f2d72a42c7c33905b71adc
docs/proofs/admin-source-buttons-20260923/smoke.txt,Preuve datee,Conserver sa campagne et son perimetre,620,8,4741392b5967030ce08a6ea9eaa85a83814a01f86826b40a5bd5e2c992dfa6f8
docs/proofs/agenda-slots/backend.json,Preuve datee,Conserver sa campagne et son perimetre,1078,21,971c43ac9840e978ab52ae3ade8d6245814359537c8f0bf447a8785817a2c861
docs/proofs/ans-fhir-live.json,Preuve datee,Conserver sa campagne et son perimetre,598,19,460c1538f1c828cc69ffbdbef6476c89448c23da01717b3def5bc7a97847c10d
docs/proofs/ans-fhir-positive.json,Preuve datee,Conserver sa campagne et son perimetre,467,12,3a227bf41bed53352ca169a4058084cfa24ffbe670e81b8b4759beece670ca0c
docs/proofs/audit-a01-2026-09-22/local-single-redirect/regressions.txt,Preuve datee,Conserver sa campagne et son perimetre,527,10,045e66ef779c8334a75f4f7d056c8e48d833dd34bc76342d5f177fb851217152
docs/proofs/audit-a01-2026-09-22/local-single-redirect/result.json,Preuve datee,Conserver sa campagne et son perimetre,216,6,560b1f230d514d27dace4e4b79472500b8a3f4c130a8a732e13345dcd595619b
docs/proofs/audit-a01-2026-09-22/local-single-redirect/security-evidence.spec.js.txt,Preuve datee,Conserver sa campagne et son perimetre,522,14,a1fc8ded3933a1ec4993d845d685e8dbd017084844f23383995c22b137451b47
docs/proofs/audit-a01-2026-09-22/local-single-redirect/suite-results.json,Preuve datee,Conserver sa campagne et son perimetre,161,10,9229c2eb099c71e15a64bb8d428009e90b16b64337f7e6bc45877e50d60623ee
docs/proofs/audit-a01-2026-09-22/security-evidence.spec.js.txt,Preuve datee,Conserver sa campagne et son perimetre,1230,25,1f316bd34f036ffbd65db0555bbaca8349fd534305bfa64f50d17d5d29979897
docs/proofs/audit-a01-2026-09-22/suite-results.json,Preuve datee,Conserver sa campagne et son perimetre,2181,118,959735408ed1df5cdc27e283a55277b6cff95d4c49b9eb01337bec7fb3ba3264
docs/proofs/audit-a01-2026-09-22/validated/regressions.txt,Preuve datee,Conserver sa campagne et son perimetre,527,10,045e66ef779c8334a75f4f7d056c8e48d833dd34bc76342d5f177fb851217152
docs/proofs/audit-a01-2026-09-22/validated/result.json,Preuve datee,Conserver sa campagne et son perimetre,262,6,a542e514732774e638f63b5889091bb38fb6f41b815dcaf12013a83e274a7650
docs/proofs/audit-a01-2026-09-22/validated/run-35704316008-status.json,Preuve datee,Conserver sa campagne et son perimetre,6627,208,c087c4510a25630be546fd24ffb065b769d73f950a0a20c2a5e8317ab35803cc
docs/proofs/audit-a01-2026-09-22/validated/run-35704319942-status.json,Preuve datee,Conserver sa campagne et son perimetre,6635,208,69e75105f66202da494d1b909a6e1706959868487a8794841d4f6e78464b7dcd
docs/proofs/audit-a01-2026-09-22/validated/security-evidence.spec.js.txt,Preuve datee,Conserver sa campagne et son perimetre,530,14,75a13daeec7fc9a712c4ae4baa5f115fd7224361a1d3709a14e4ca0fc080b885
docs/proofs/audit-a01-2026-09-22/validated/suite-results.json,Preuve datee,Conserver sa campagne et son perimetre,2180,118,b0449cb8a5fa5bd3e001073d6662f9d18426d4a02882e45f9c5df8b08e9a4c43
docs/proofs/audit-final-20260923/README.md,Preuve datee,Conserver sa campagne et son perimetre,1145,10,172728dc5fe98708b471649d89de98917dbd24511160ec9f71eb6bb354ccf0a4
docs/proofs/audit-final-20260923/admin-build.txt,Preuve datee,Conserver sa campagne et son perimetre,1262,24,ac7b70ea716cb6e73654edf171ff150bc212ef27672661741f5970a4ba364145
docs/proofs/audit-final-20260923/admin-tests.txt,Preuve datee,Conserver sa campagne et son perimetre,619,7,1e856da7af66777c93bc120cb0c58c7bede6500f32c552166f52afb0e2ec5135
docs/proofs/audit-final-20260923/browser-tests.txt,Preuve datee,Conserver sa campagne et son perimetre,4130,51,0c5990ffd4c9726632efe6b77a17d7684c727c2d3fb7d2342a5e9f7fa46d506f
docs/proofs/audit-final-20260923/epitech-actions.json,Preuve datee,Conserver sa campagne et son perimetre,336,8,c058276d4b56c77e20af309b75ad2ba28eed8810c39fe19fab82c3d471044a97
docs/proofs/audit-final-20260923/frontend-build.txt,Preuve datee,Conserver sa campagne et son perimetre,10731,134,1e3ed398a22234500178e630687c0890e5be3c505513ca0c10262749d2085347
docs/proofs/audit-final-20260923/frontend-tests.txt,Preuve datee,Conserver sa campagne et son perimetre,8126,121,b41c7206d847b3bab69becb72508469d036a1e78f5ce57955f080c88101d9a94
docs/proofs/audit-final-20260923/integration/admin.spec.js.txt,Preuve datee,Conserver sa campagne et son perimetre,11641,117,55b6b18efea9d6674dd37110d974041b0986c0f7ddba55d740f514c1cebefa62
docs/proofs/audit-final-20260923/integration/api.txt,Preuve datee,Conserver sa campagne et son perimetre,315,3,114568d607c6e7f7f3f565b8ba3504973a7245be8b72015386aff9f4a7730cef
docs/proofs/audit-final-20260923/integration/application-warnings.spec.js.txt,Preuve datee,Conserver sa campagne et son perimetre,419,11,018aa8fd20b8ab584d1bd12adcfa86d2d45c7241bbf8d8738170a307a35ac7f0
docs/proofs/audit-final-20260923/integration/audit-remediation.spec.js.txt,Preuve datee,Conserver sa campagne et son perimetre,507,12,80babbddbaa128f6f556de7884b29f4bb287258577abf99ee9c08f49ad0d9934
docs/proofs/audit-final-20260923/integration/build.txt,Preuve datee,Conserver sa campagne et son perimetre,115,6,a3ca29551d8e481eb4ec23b39a71d81d22a8365b01301632d2dc6df644fca87f
docs/proofs/audit-final-20260923/integration/cleanup.txt,Preuve datee,Conserver sa campagne et son perimetre,637,14,ce3b72fbf5f8c2ae753c0c8be7984e698a5abe59eb2fe1bca719322a5718947e
docs/proofs/audit-final-20260923/integration/cloud-storage.spec.js.txt,Preuve datee,Conserver sa campagne et son perimetre,513,12,06d5cded99b6eaabfa6418fbcf7a178291cab4450b54a4df441b310fd4e86033
docs/proofs/audit-final-20260923/integration/contract-preparation.spec.js.txt,Preuve datee,Conserver sa campagne et son perimetre,771,14,fbb91eaaa5d46f456dd13d14149578ef3225eea9d5ecf4a3f0ce8084d2c0915f
docs/proofs/audit-final-20260923/integration/conversions.spec.js.txt,Preuve datee,Conserver sa campagne et son perimetre,717,14,f86b2f98aa2ff045e95049446849da9dbbf5765d9cfce3862b9279bf100e7cbf
docs/proofs/audit-final-20260923/integration/coverage.txt,Preuve datee,Conserver sa campagne et son perimetre,140221,1431,e28f550477eda0702e25593aca589f4938167886f352fc8662581e18bf4a3687
docs/proofs/audit-final-20260923/integration/demo-notification-suppression.spec.js.txt,Preuve datee,Conserver sa campagne et son perimetre,737,14,6db4356034406573b63729a8adb76d2bc9cad1a6f50c975fc58edb99dead9bc1
docs/proofs/audit-final-20260923/integration/email-delivery.spec.js.txt,Preuve datee,Conserver sa campagne et son perimetre,704,13,e0ae8c7b878066a3f4fcf825bfaeec5098a239962d4e3b35d407633b733e0ba1
docs/proofs/audit-final-20260923/integration/enterprise-flow.spec.js.txt,Preuve datee,Conserver sa campagne et son perimetre,646,13,3f3d6e38522789b0fe62654c53528547e24dd26e7fc1232863b9f5def5973d7c
docs/proofs/audit-final-20260923/integration/establishment-directory.spec.js.txt,Preuve datee,Conserver sa campagne et son perimetre,421,11,5617d9245c022104e3c7f4492174fee1cc5913db41b269995d4d179212a7ba76
docs/proofs/audit-final-20260923/integration/external-collection.spec.js.txt,Preuve datee,Conserver sa campagne et son perimetre,755,14,075e20bc77160489d9f1b6061b51fcdb4aa7c73af00a4ae7c5f3fcae5641c826
docs/proofs/audit-final-20260923/integration/external-ranking.spec.js.txt,Preuve datee,Conserver sa campagne et son perimetre,349,10,13e10cf86ef86e9b3844c71da0e59c5d36159af83d2094ee758c1a26b92feb5f
docs/proofs/audit-final-20260923/integration/external-visibility.spec.js.txt,Preuve datee,Conserver sa campagne et son perimetre,460,12,62ed24c0cbd585070738a5a68c8fadeab77cb199d00f8c1be0b882ab30a5bfe2
docs/proofs/audit-final-20260923/integration/fresh-migrations.txt,Preuve datee,Conserver sa campagne et son perimetre,1170,1,1d61dc9b6c5b054c81ecb6f083e2526163c3b55bcbff722c03a9857f1cf5053b
docs/proofs/audit-final-20260923/integration/jobspipe-credits.spec.js.txt,Preuve datee,Conserver sa campagne et son perimetre,406,11,29eec824eb99731b8af7b1685029abc53f0065fc63ef1bb69be57861ec7c3ae8
docs/proofs/audit-final-20260923/integration/journey.spec.js.txt,Preuve datee,Conserver sa campagne et son perimetre,3364,43,9ac192bd4727725bff85d82b86457f7f1edd117d4308a9ef7f1d715a1c3091c5
docs/proofs/audit-final-20260923/integration/listing-order.spec.js.txt,Preuve datee,Conserver sa campagne et son perimetre,767,15,ce23571270588c0c6c62ebc5d37dd8ef0041664cc50985ea3f02d72b991a8858
docs/proofs/audit-final-20260923/integration/matching-distance.spec.js.txt,Preuve datee,Conserver sa campagne et son perimetre,228,9,4769c60fec1982969f29022e0361e4abbbf666e50c590b38207c33431d7f2960
docs/proofs/audit-final-20260923/integration/migrate-admin.spec.js.txt,Preuve datee,Conserver sa campagne et son perimetre,1170,1,1d61dc9b6c5b054c81ecb6f083e2526163c3b55bcbff722c03a9857f1cf5053b
docs/proofs/audit-final-20260923/integration/migrate-application-warnings.spec.js.txt,Preuve datee,Conserver sa campagne et son perimetre,1170,1,1d61dc9b6c5b054c81ecb6f083e2526163c3b55bcbff722c03a9857f1cf5053b
docs/proofs/audit-final-20260923/integration/migrate-audit-remediation.spec.js.txt,Preuve datee,Conserver sa campagne et son perimetre,1170,1,1d61dc9b6c5b054c81ecb6f083e2526163c3b55bcbff722c03a9857f1cf5053b
docs/proofs/audit-final-20260923/integration/migrate-cloud-storage.spec.js.txt,Preuve datee,Conserver sa campagne et son perimetre,1170,1,1d61dc9b6c5b054c81ecb6f083e2526163c3b55bcbff722c03a9857f1cf5053b
docs/proofs/audit-final-20260923/integration/migrate-contract-preparation.spec.js.txt,Preuve datee,Conserver sa campagne et son perimetre,1170,1,1d61dc9b6c5b054c81ecb6f083e2526163c3b55bcbff722c03a9857f1cf5053b
docs/proofs/audit-final-20260923/integration/migrate-conversions.spec.js.txt,Preuve datee,Conserver sa campagne et son perimetre,1170,1,1d61dc9b6c5b054c81ecb6f083e2526163c3b55bcbff722c03a9857f1cf5053b
docs/proofs/audit-final-20260923/integration/migrate-demo-notification-suppression.spec.js.txt,Preuve datee,Conserver sa campagne et son perimetre,1170,1,1d61dc9b6c5b054c81ecb6f083e2526163c3b55bcbff722c03a9857f1cf5053b
docs/proofs/audit-final-20260923/integration/migrate-email-delivery.spec.js.txt,Preuve datee,Conserver sa campagne et son perimetre,1170,1,1d61dc9b6c5b054c81ecb6f083e2526163c3b55bcbff722c03a9857f1cf5053b
docs/proofs/audit-final-20260923/integration/migrate-enterprise-flow.spec.js.txt,Preuve datee,Conserver sa campagne et son perimetre,1170,1,1d61dc9b6c5b054c81ecb6f083e2526163c3b55bcbff722c03a9857f1cf5053b
docs/proofs/audit-final-20260923/integration/migrate-establishment-directory.spec.js.txt,Preuve datee,Conserver sa campagne et son perimetre,1170,1,1d61dc9b6c5b054c81ecb6f083e2526163c3b55bcbff722c03a9857f1cf5053b
docs/proofs/audit-final-20260923/integration/migrate-external-collection.spec.js.txt,Preuve datee,Conserver sa campagne et son perimetre,1170,1,1d61dc9b6c5b054c81ecb6f083e2526163c3b55bcbff722c03a9857f1cf5053b
docs/proofs/audit-final-20260923/integration/migrate-external-ranking.spec.js.txt,Preuve datee,Conserver sa campagne et son perimetre,1170,1,1d61dc9b6c5b054c81ecb6f083e2526163c3b55bcbff722c03a9857f1cf5053b
docs/proofs/audit-final-20260923/integration/migrate-external-visibility.spec.js.txt,Preuve datee,Conserver sa campagne et son perimetre,1170,1,1d61dc9b6c5b054c81ecb6f083e2526163c3b55bcbff722c03a9857f1cf5053b
docs/proofs/audit-final-20260923/integration/migrate-jobspipe-credits.spec.js.txt,Preuve datee,Conserver sa campagne et son perimetre,1170,1,1d61dc9b6c5b054c81ecb6f083e2526163c3b55bcbff722c03a9857f1cf5053b
docs/proofs/audit-final-20260923/integration/migrate-journey.spec.js.txt,Preuve datee,Conserver sa campagne et son perimetre,1170,1,1d61dc9b6c5b054c81ecb6f083e2526163c3b55bcbff722c03a9857f1cf5053b
docs/proofs/audit-final-20260923/integration/migrate-listing-order.spec.js.txt,Preuve datee,Conserver sa campagne et son perimetre,1170,1,1d61dc9b6c5b054c81ecb6f083e2526163c3b55bcbff722c03a9857f1cf5053b
docs/proofs/audit-final-20260923/integration/migrate-matching-distance.spec.js.txt,Preuve datee,Conserver sa campagne et son perimetre,1170,1,1d61dc9b6c5b054c81ecb6f083e2526163c3b55bcbff722c03a9857f1cf5053b
docs/proofs/audit-final-20260923/integration/migrate-mission-location.spec.js.txt,Preuve datee,Conserver sa campagne et son perimetre,1170,1,1d61dc9b6c5b054c81ecb6f083e2526163c3b55bcbff722c03a9857f1cf5053b
docs/proofs/audit-final-20260923/integration/migrate-mission-mail.spec.js.txt,Preuve datee,Conserver sa campagne et son perimetre,1170,1,1d61dc9b6c5b054c81ecb6f083e2526163c3b55bcbff722c03a9857f1cf5053b
docs/proofs/audit-final-20260923/integration/migrate-notifications.spec.js.txt,Preuve datee,Conserver sa campagne et son perimetre,1170,1,1d61dc9b6c5b054c81ecb6f083e2526163c3b55bcbff722c03a9857f1cf5053b
docs/proofs/audit-final-20260923/integration/migrate-offer-freshness.spec.js.txt,Preuve datee,Conserver sa campagne et son perimetre,1170,1,1d61dc9b6c5b054c81ecb6f083e2526163c3b55bcbff722c03a9857f1cf5053b
docs/proofs/audit-final-20260923/integration/migrate-personal-corrections.spec.js.txt,Preuve datee,Conserver sa campagne et son perimetre,1170,1,1d61dc9b6c5b054c81ecb6f083e2526163c3b55bcbff722c03a9857f1cf5053b
docs/proofs/audit-final-20260923/integration/migrate-profile-after-assignment.spec.js.txt,Preuve datee,Conserver sa campagne et son perimetre,1170,1,1d61dc9b6c5b054c81ecb6f083e2526163c3b55bcbff722c03a9857f1cf5053b
docs/proofs/audit-final-20260923/integration/migrate-purge-demo-alerts.spec.js.txt,Preuve datee,Conserver sa campagne et son perimetre,1170,1,1d61dc9b6c5b054c81ecb6f083e2526163c3b55bcbff722c03a9857f1cf5053b
docs/proofs/audit-final-20260923/integration/migrate-recovery.spec.js.txt,Preuve datee,Conserver sa campagne et son perimetre,1170,1,1d61dc9b6c5b054c81ecb6f083e2526163c3b55bcbff722c03a9857f1cf5053b
docs/proofs/audit-final-20260923/integration/migrate-security-evidence.spec.js.txt,Preuve datee,Conserver sa campagne et son perimetre,1170,1,1d61dc9b6c5b054c81ecb6f083e2526163c3b55bcbff722c03a9857f1cf5053b
docs/proofs/audit-final-20260923/integration/migrate-shared-rate-limit.spec.js.txt,Preuve datee,Conserver sa campagne et son perimetre,1170,1,1d61dc9b6c5b054c81ecb6f083e2526163c3b55bcbff722c03a9857f1cf5053b
docs/proofs/audit-final-20260923/integration/migrate-support.spec.js.txt,Preuve datee,Conserver sa campagne et son perimetre,1170,1,1d61dc9b6c5b054c81ecb6f083e2526163c3b55bcbff722c03a9857f1cf5053b
docs/proofs/audit-final-20260923/integration/mission-guardrails.spec.js.txt,Preuve datee,Conserver sa campagne et son perimetre,934,16,ce1587a74fb88d33f3fe424fb78af569b08d49ebb7f542538c96dc89e652876d
docs/proofs/audit-final-20260923/integration/mission-location.spec.js.txt,Preuve datee,Conserver sa campagne et son perimetre,465,12,c2679b284267bd84f5f8577cd58016c774f989fabbe0ad49cde50eac5a97007c
docs/proofs/audit-final-20260923/integration/mission-mail.spec.js.txt,Preuve datee,Conserver sa campagne et son perimetre,783,14,1aaa3dd47583e331ab9e6f19003edc9fa59cf5e6578268aedb07fc0d85f55965
docs/proofs/audit-final-20260923/integration/n8n-import.txt,Preuve datee,Conserver sa campagne et son perimetre,60,2,ae4fa872c7ba25b142c6df0728943cf4374aa43c451feddb0b6b746d124b92ce
docs/proofs/audit-final-20260923/integration/n8n-restart.txt,Preuve datee,Conserver sa campagne et son perimetre,89,2,f9b364e40ec54f2eb55e6410bfe60a9566dbd21f31475dc8b81bdddef797c49f
docs/proofs/audit-final-20260923/integration/notifications.spec.js.txt,Preuve datee,Conserver sa campagne et son perimetre,530,13,f803d219ee880ffe7955ba3f615a29b0fbb5792df572187be0ba6cf59b43a2f0
docs/proofs/audit-final-20260923/integration/offer-freshness.spec.js.txt,Preuve datee,Conserver sa campagne et son perimetre,728,14,5782b7cdb45124b4b6011ff6b75aaafc784344662588c5b4c406ee0138ead2a8
docs/proofs/audit-final-20260923/integration/openapi-check.txt,Preuve datee,Conserver sa campagne et son perimetre,48,4,e68aa2bae7c1c735707d6882a31cb50e20b6288ac4e77103bf4f04d2767cc299
docs/proofs/audit-final-20260923/integration/openapi-export.txt,Preuve datee,Conserver sa campagne et son perimetre,417,4,fc766ffb8171efc58c2cb547b67106d199ae80534365607d8301a51ac8181345
docs/proofs/audit-final-20260923/integration/personal-corrections.spec.js.txt,Preuve datee,Conserver sa campagne et son perimetre,688,14,c2aec3e60c1faff61f6e0bb108d19210608097f0ab1877920d5e84117aaa7052
docs/proofs/audit-final-20260923/integration/profile-after-assignment.spec.js.txt,Preuve datee,Conserver sa campagne et son perimetre,845,15,464f29a805c31cc2e20f6d2436966a8a4c35359b3fa98ba0071d503dc41562cd
docs/proofs/audit-final-20260923/integration/publish-InfiMatchConfirm.txt,Preuve datee,Conserver sa campagne et son perimetre,193,3,19564fbbd4b75c759027043cd6602fc8eb7ca3f9a75541601df48aa8ec157e07
docs/proofs/audit-final-20260923/integration/publish-InfiMatchMatches.txt,Preuve datee,Conserver sa campagne et son perimetre,193,3,97d1caa78b78d307aa0f89fc76bb5fb3f83e5e8ef47ab01ef22157b348da8f1b
docs/proofs/audit-final-20260923/integration/publish-InfiMatchReminders.txt,Preuve datee,Conserver sa campagne et son perimetre,195,3,771dcd0e769be79183bff414aff5a31feda9a2a8c00008847584095e8a986a5d
docs/proofs/audit-final-20260923/integration/purge-demo-alerts.spec.js.txt,Preuve datee,Conserver sa campagne et son perimetre,644,14,8e751de2991f6abb746728eae8c021e0ad4b26451758466b671baeca07947aef
docs/proofs/audit-final-20260923/integration/recovery.spec.js.txt,Preuve datee,Conserver sa campagne et son perimetre,916,16,6a726f71f480661933b9e9abd26e4ec9cefac64f8d16ca4fb1baa6cd05a38bed
docs/proofs/audit-final-20260923/integration/regressions.txt,Preuve datee,Conserver sa campagne et son perimetre,527,10,045e66ef779c8334a75f4f7d056c8e48d833dd34bc76342d5f177fb851217152
docs/proofs/audit-final-20260923/integration/result.json,Preuve datee,Conserver sa campagne et son perimetre,262,6,e43528d5327f002cea5488e94b8220eb5fef2d38df33ca41fad42dcb90ef4f9b
docs/proofs/audit-final-20260923/integration/security-evidence.spec.js.txt,Preuve datee,Conserver sa campagne et son perimetre,836,17,b6382cfd805232d199cff494bb13009c80cfdcd0b6f774024b88af14257ce28e
docs/proofs/audit-final-20260923/integration/services.txt,Preuve datee,Conserver sa campagne et son perimetre,909,20,3e00e98868146575e16a36520bb93e558709dad53e45642f4c5fa5380893d02c
docs/proofs/audit-final-20260923/integration/shared-rate-limit.spec.js.txt,Preuve datee,Conserver sa campagne et son perimetre,690,14,f8788329cdc7aa6fbf1ff49285dd81ffb39aaf6770cc51382d4e6591a858861a
docs/proofs/audit-final-20260923/integration/source-snapshot.json,Preuve datee,Conserver sa campagne et son perimetre,47858,1241,254b616b5dbcc9b86b4edf45a3976970bb4438cfe17ad4b636c05818e24a3eac
docs/proofs/audit-final-20260923/integration/suite-results.json,Preuve datee,Conserver sa campagne et son perimetre,2335,126,4b0e2b405e7759a0e6e81ae372325c2799fb70c86a71b1a116ae29426e4a1408
docs/proofs/audit-final-20260923/integration/support.spec.js.txt,Preuve datee,Conserver sa campagne et son perimetre,641,13,aa9103c1184cd59759d7345cb37ad71a3616daa392e0800b000a4f4bb41cdd47
docs/proofs/audit-final-20260923/integration/test-compile.txt,Preuve datee,Conserver sa campagne et son perimetre,67,2,c3c65aaae20d3ea69e81f9cab283d134c31de8e3fdda681879ca7a1cb1d41c0f
docs/proofs/audit-final-20260923/integration/unit.txt,Preuve datee,Conserver sa campagne et son perimetre,59348,670,d634fb3065aaf3b4bdc24a9368e8eedf7da8e590e9797b9a35efe93d926f9a1c
docs/proofs/audit-final-20260923/legacy-archives.json,Preuve datee,Conserver sa campagne et son perimetre,1457,59,2ec44cab31fff590a19b061454c96901eeabfa5c8550bd4de948f9695d450430
docs/proofs/audit-final-20260923/lint.txt,Preuve datee,Conserver sa campagne et son perimetre,136,6,a6fee37431c40b000438a43b17a4c836165c93473b1ada7f721c176351cc6fe2
docs/proofs/audit-final-20260923/postgis-status.json,Preuve datee,Conserver sa campagne et son perimetre,324,14,f45512e6150cf8d9946b7a9c6a40ee8c3918bc79f1ca0c62462aaa11f83eba9f
docs/proofs/audit-final-20260923/public-health.json,Preuve datee,Conserver sa campagne et son perimetre,421,15,d4baf1dfc8005e426268654a632d061a3f37f983a8898b1585612339fd374aa3
docs/proofs/audit-final-20260923/publication-scan.json,Preuve datee,Conserver sa campagne et son perimetre,277,8,212484b636e7e4413f16c16c9f3aa549b877c7c3e771ded70de3da12957b6220
docs/proofs/audit-final-20260923/ranking-final/api.txt,Preuve datee,Conserver sa campagne et son perimetre,315,3,7d18d0e06ccb54f379b360099f6301589aaf5cb000142ed87bd353f45d2ffa14
docs/proofs/audit-final-20260923/ranking-final/build.txt,Preuve datee,Conserver sa campagne et son perimetre,115,6,a3ca29551d8e481eb4ec23b39a71d81d22a8365b01301632d2dc6df644fca87f
docs/proofs/audit-final-20260923/ranking-final/cleanup.txt,Preuve datee,Conserver sa campagne et son perimetre,637,14,ce3b72fbf5f8c2ae753c0c8be7984e698a5abe59eb2fe1bca719322a5718947e
docs/proofs/audit-final-20260923/ranking-final/fresh-migrations.txt,Preuve datee,Conserver sa campagne et son perimetre,1170,1,1d61dc9b6c5b054c81ecb6f083e2526163c3b55bcbff722c03a9857f1cf5053b
docs/proofs/audit-final-20260923/ranking-final/migrate-shared-rate-limit.spec.js.txt,Preuve datee,Conserver sa campagne et son perimetre,1170,1,1d61dc9b6c5b054c81ecb6f083e2526163c3b55bcbff722c03a9857f1cf5053b
docs/proofs/audit-final-20260923/ranking-final/n8n-import.txt,Preuve datee,Conserver sa campagne et son perimetre,60,2,ae4fa872c7ba25b142c6df0728943cf4374aa43c451feddb0b6b746d124b92ce
docs/proofs/audit-final-20260923/ranking-final/n8n-restart.txt,Preuve datee,Conserver sa campagne et son perimetre,89,2,f9b364e40ec54f2eb55e6410bfe60a9566dbd21f31475dc8b81bdddef797c49f
docs/proofs/audit-final-20260923/ranking-final/openapi-check.txt,Preuve datee,Conserver sa campagne et son perimetre,48,4,e68aa2bae7c1c735707d6882a31cb50e20b6288ac4e77103bf4f04d2767cc299
docs/proofs/audit-final-20260923/ranking-final/openapi-export.txt,Preuve datee,Conserver sa campagne et son perimetre,417,4,9e8ef1c5719bde08d1541c294d4ce9f872c522cfce34b1d7d699f548c4bddde7
docs/proofs/audit-final-20260923/ranking-final/publish-InfiMatchConfirm.txt,Preuve datee,Conserver sa campagne et son perimetre,193,3,19564fbbd4b75c759027043cd6602fc8eb7ca3f9a75541601df48aa8ec157e07
docs/proofs/audit-final-20260923/ranking-final/publish-InfiMatchMatches.txt,Preuve datee,Conserver sa campagne et son perimetre,193,3,97d1caa78b78d307aa0f89fc76bb5fb3f83e5e8ef47ab01ef22157b348da8f1b
docs/proofs/audit-final-20260923/ranking-final/publish-InfiMatchReminders.txt,Preuve datee,Conserver sa campagne et son perimetre,195,3,771dcd0e769be79183bff414aff5a31feda9a2a8c00008847584095e8a986a5d
docs/proofs/audit-final-20260923/ranking-final/regressions.txt,Preuve datee,Conserver sa campagne et son perimetre,527,10,045e66ef779c8334a75f4f7d056c8e48d833dd34bc76342d5f177fb851217152
docs/proofs/audit-final-20260923/ranking-final/result.json,Preuve datee,Conserver sa campagne et son perimetre,216,6,9c70b4c6efee67918d469f8e5e71e29be1ca7041cf8ade494e863de35d6afcbf
docs/proofs/audit-final-20260923/ranking-final/services.txt,Preuve datee,Conserver sa campagne et son perimetre,909,20,b18a1c54057bb232e7956f089df48fd3b3850fc8a88a7ec3fda7d797423709cd
docs/proofs/audit-final-20260923/ranking-final/shared-rate-limit.spec.js.txt,Preuve datee,Conserver sa campagne et son perimetre,690,14,002534e5edcca1de4d661dda6dae7bbb7b9803582555f5812e2ab4560fef8a00
docs/proofs/audit-final-20260923/ranking-final/source-snapshot.json,Preuve datee,Conserver sa campagne et son perimetre,47858,1241,3b1702195127c397a84e6607b434ab63029abc41c41a271fc295c8cf4e0485cf
docs/proofs/audit-final-20260923/ranking-final/suite-results.json,Preuve datee,Conserver sa campagne et son perimetre,161,10,aaefec6412b79e4a7d29a766ae836e47278756d208c53d2cfad4ce60f11082db
docs/proofs/audit-final-20260923/ranking-final/targeted-integration.txt,Preuve datee,Conserver sa campagne et son perimetre,1900,16,2e268956874c09be8edc4da3948994eb10d54b0434e1ef8dfb90fa19c924e57b
docs/proofs/audit-final-20260923/ranking-final/test-compile.txt,Preuve datee,Conserver sa campagne et son perimetre,67,2,c3c65aaae20d3ea69e81f9cab283d134c31de8e3fdda681879ca7a1cb1d41c0f
docs/proofs/audit-final-20260923/replica.json,Preuve datee,Conserver sa campagne et son perimetre,1318,50,d9e634319e9d73b4c2ac28733c1677f1fe9468e78300a5692daf89f1bc8f130a
docs/proofs/audit-final-20260923/repository-consistency.json,Preuve datee,Conserver sa campagne et son perimetre,315890,8393,a047f39580f3821e0956f5f0d1fdfc24c44901729b1dfebf2494535d28c2aab5
docs/proofs/audit-final-20260923/restore-production.json,Preuve datee,Conserver sa campagne et son perimetre,532,20,3b0ead1ea01ab8aa2128960fe6cf43d5b9d957d05e66b42d229be15448ab0049
docs/proofs/audit-final-20260923/seo-tests.txt,Preuve datee,Conserver sa campagne et son perimetre,683,15,1b3c5ad15eba054fd93a80c965aac29314355222e9147927e5fc6e2748165625
docs/proofs/audit-final-20260923/summary.json,Preuve datee,Conserver sa campagne et son perimetre,5362,265,60d4c419fc6ffc9656d27c1025aaae157ec75ada0a2b2d88bc06db8afc9f9217
docs/proofs/audit-final-20260923/unit-summary.json,Preuve datee,Conserver sa campagne et son perimetre,876,40,f9adcad189778de801fecd80b87b0d007d23030273f131ca2e29fe1d4dd178cd
docs/proofs/audit-final-20260923/unit-tests.txt,Preuve datee,Conserver sa campagne et son perimetre,75110,868,24c64a52ae629e21f0a33d1d6b1daea27fe5b0605a2325b7bae32fd925189b3c
docs/proofs/audit-final-20260923/vault-access-status.json,Preuve datee,Conserver sa campagne et son perimetre,502,24,a5d8328ffac847a738034858e5e19707be61b25bf99469f74730c7a15edf04d4
docs/proofs/audit-final-20260923/vault-tests.txt,Preuve datee,Conserver sa campagne et son perimetre,1567,26,5f66960c40dd91603ae557058dfd842507b810c807f7979e0aaa5357ad8df893
docs/proofs/audit-kickoff-2026-09-16/backend-build.txt,Preuve datee,Conserver sa campagne et son perimetre,252,,ae5ba4e761012e311a839a97631ad3c90e71e4cd4ef9a87a9fa50a605b5af3e4
docs/proofs/audit-kickoff-2026-09-16/backend-tests.txt,Preuve datee,Conserver sa campagne et son perimetre,9288,,c5436ded02652ef4361d4726bb842e4708a85208ff74f79bdb91d75cd6105a2f
docs/proofs/audit-kickoff-2026-09-16/document-validation.json,Preuve datee,Conserver sa campagne et son perimetre,129,8,26562d166aead510566bb095f82438e4c207b0b195a7043aad214792700c7303
docs/proofs/audit-kickoff-2026-09-16/frontend-api-tests.txt,Preuve datee,Conserver sa campagne et son perimetre,1900,,8d58300f9b5e92f8367b93eed07f5061d0987223accd9a7234b3c82dba31ba74
docs/proofs/audit-kickoff-2026-09-16/frontend-build.txt,Preuve datee,Conserver sa campagne et son perimetre,2120,,67cb8fb4d369c5d490a3edd62a75c6ad78cc309409487d2f74bfd7b35206c7af
docs/proofs/audit-kickoff-2026-09-16/http-and-routes.json,Preuve datee,Conserver sa campagne et son perimetre,21946,1111,abb41c4daeba6400f99746f5bb2cf4aff990f8916a068fb5f3562f3eb562ca07
docs/proofs/audit-kickoff-2026-09-16/scope-and-hashes.json,Preuve datee,Conserver sa campagne et son perimetre,23079,198,8b40f1ca30be43bbd4e23a15b3c1b0cca2cc6f24b84d18a843d29280b42081c5
docs/proofs/branch-completion-20260924/README.md,Preuve datee,Conserver sa campagne et son perimetre,1134,10,6d7abc025d90132fef419bf992769e47b3f62c179e8ae6f01b6055d73f7515cf
docs/proofs/branch-completion-20260924/branches-before.json,Preuve datee,Conserver sa campagne et son perimetre,6380,232,3c176d721ad4253864bd6c7918a079221d62c73e7d9fa2fe1bc6272905ed0f0c
docs/proofs/branch-completion-20260924/browser.txt,Preuve datee,Conserver sa campagne et son perimetre,4131,52,baa74b660cd4177507f8eb884b823b454d871bd1b68677fff57f0edfe3c2e2d3
docs/proofs/branch-completion-20260924/build.txt,Preuve datee,Conserver sa campagne et son perimetre,10895,137,011ccf5bd3fc5c21c275b5207de3efb04f9e8557bdd545841df273d77f0e5562
docs/proofs/branch-completion-20260924/tests.txt,Preuve datee,Conserver sa campagne et son perimetre,10814,150,204243e6f254bbe1071d5f1e6348a9d7b3955444fd29e3fb1ee3de121ecef451
docs/proofs/build.txt,Preuve datee,Conserver sa campagne et son perimetre,116,7,0bfbff7a85e8d759af0bc19cfc091dc79878480183440c9f2b53478e96f77052
docs/proofs/catalogue-direct-edit.json,Preuve datee,Conserver sa campagne et son perimetre,600,15,ea608e79cb2e634c17a76071dbb7cf9bd421ba061109ac0529768a249fb1325c
docs/proofs/code-recovery.json,Preuve datee,Conserver sa campagne et son perimetre,1027,35,f2c2f907c793e28338bfc9058129a160e180500fb6abd56ac0925ce971ab50d4
docs/proofs/code-review-2026-09-21/result.json,Preuve datee,Conserver sa campagne et son perimetre,216,6,3cfa734cc4eea213cbd054800b856ad7b1d92eab00d448b332c909c7341dcf96
docs/proofs/code-review-2026-09-21/source-snapshot.json,Preuve datee,Conserver sa campagne et son perimetre,37249,973,8b2f4a748bb439d236ac36ffee94e4c983d09fb5b8d7e602d961b4b8fb2dc1bd
docs/proofs/code-review-2026-09-21/static-import-graph.json,Preuve datee,Conserver sa campagne et son perimetre,447,18,abbef49fb69407dd9f7213abd9713e99ce108ea4285ad0130fc5ebe1ce27bbac
docs/proofs/code-review-2026-09-21/suite-results.json,Preuve datee,Conserver sa campagne et son perimetre,1897,102,d7ff7b9a756c60619bbbeeefea5816ff706cb5cb159cbbdd5ec3a47f42c1a8c2
docs/proofs/cookies-finess/backend.json,Preuve datee,Conserver sa campagne et son perimetre,668,14,3eebe0b1deaf441846bfa64f2dcbe27d08b1a02619995c8b53fab8950724a33e
docs/proofs/coverage-report.zip,Preuve datee,Conserver sa campagne et son perimetre,1531711,,e353f497f42449520cee1cbdf3640c2c7dbb331c436e641b7a0150781d07fd02
docs/proofs/coverage-totals.json,Preuve datee,Conserver sa campagne et son perimetre,475,32,8c1f11d7041863b70a87ba77eba33242f1e437c0ed898089aaab8a618827a9de
docs/proofs/coverage.txt,Preuve datee,Conserver sa campagne et son perimetre,9898,147,7116de7d64bd63db944c627e651d2c616855a649d339ebc041b803d386de3d64
docs/proofs/date-normalization-dry-run.json,Preuve datee,Conserver sa campagne et son perimetre,500,21,02d6869a4c624ff7ec649101063be0e63de667d287f5f0bcfdce75699f175c57
docs/proofs/date-normalization-production.json,Preuve datee,Conserver sa campagne et son perimetre,507,21,0c6c7b08694878ff1961a83ce8bf9e5ba73cee9ec33c58bd9230d5ccb0740899
docs/proofs/dates-final-validation.json,Preuve datee,Conserver sa campagne et son perimetre,2840,119,a52823e07c3919d5f4ee1df927fd4a417109cdf1f545f0bae8c419e5a3e82c96
docs/proofs/dates-provider-budget.json,Preuve datee,Conserver sa campagne et son perimetre,2290,107,c00c24da914178b9e7b859bef2be23da97b019253be5207ebad66237500c0d9b
docs/proofs/discord-notifications-20260923/regressions.txt,Preuve datee,Conserver sa campagne et son perimetre,527,10,045e66ef779c8334a75f4f7d056c8e48d833dd34bc76342d5f177fb851217152
docs/proofs/discord-notifications-20260923/rendu.md,Preuve datee,Conserver sa campagne et son perimetre,757,17,d55e809283b4d99741e1ca1b955402be0414f344cf63d2769f4027df00542e99
docs/proofs/discord-notifications-20260923/result.json,Preuve datee,Conserver sa campagne et son perimetre,216,6,858d456424ce98f27bef9f1999cdb1151dd0098f98c3f5c70024d497b71c13df
docs/proofs/discord-notifications-20260923/suite-results.json,Preuve datee,Conserver sa campagne et son perimetre,246,14,c70a120618538ce4486b82d01f3ce6baf0f49b573923432e4911132f5864a7ed
docs/proofs/discord-notifications-20260923/targeted-integration.txt,Preuve datee,Conserver sa campagne et son perimetre,3697,31,2345e4e3072996dce80b0f927bf199ad52b56e13f3e6a9ad2ea1c9f1f1bba0aa
docs/proofs/discord-notifications-20260923/unit-summary.json,Preuve datee,Conserver sa campagne et son perimetre,647,38,12c4a7754a433748873d2c23996c8118c452a309554a98ab6c3842d603f4a340
docs/proofs/discord-notifications-20260923/unit-tests.txt,Preuve datee,Conserver sa campagne et son perimetre,78460,863,f501586021ffef8572ecb515f7be3f693d891029c659ce06bc7c3795b0bad0fa
docs/proofs/external-partial-live.json,Preuve datee,Conserver sa campagne et son perimetre,12885,409,589a6eb3a5861479bbe2a0b20ea89c2dafae632bcf0bd71247ccb4c7714b2878
docs/proofs/finess-live.json,Preuve datee,Conserver sa campagne et son perimetre,1314,36,2da0eb019125e592e431b72e841c66e0ad75da4cddf24bf6bf3ec2e86a01cfcb
docs/proofs/finess-quality.json,Preuve datee,Conserver sa campagne et son perimetre,662,14,08cdc94f5817c2a10f576bd959f7de8420f628065aa6066c18ef6eb577348e2b
docs/proofs/france-travail-live.json,Preuve datee,Conserver sa campagne et son perimetre,2675,131,2ae3a825b9617600ecc37865493e7ce941698b595794854c109345ef7f4071a9
docs/proofs/france-travail-rectification.json,Preuve datee,Conserver sa campagne et son perimetre,4973,271,c40954f14b2c8bf44f3f4e6c81f822ab29d9f0c4e7545482b1da96164b1829bb
docs/proofs/full-project-20260923/admin-browser.txt,Preuve datee,Conserver sa campagne et son perimetre,620,8,4741392b5967030ce08a6ea9eaa85a83814a01f86826b40a5bd5e2c992dfa6f8
docs/proofs/full-project-20260923/admin-source-buttons-production.json,Preuve datee,Conserver sa campagne et son perimetre,289,8,a875da1988ecc6a80b7fefa8f1363b1a353c87dd4260a38a55647ed8fe296ffb
docs/proofs/full-project-20260923/availability.txt,Preuve datee,Conserver sa campagne et son perimetre,192,5,08f1af056710279480c656613b274ab301c897588c8db227e159c24f4510fdf3
docs/proofs/full-project-20260923/browser.txt,Preuve datee,Conserver sa campagne et son perimetre,4131,52,baa74b660cd4177507f8eb884b823b454d871bd1b68677fff57f0edfe3c2e2d3
docs/proofs/full-project-20260923/consistency.txt,Preuve datee,Conserver sa campagne et son perimetre,29,1,406856c2abebcb5c5a1fa2da7bc034ef03a659abf21ed0cc9ccc9459e9de75fe
docs/proofs/full-project-20260923/datetime.txt,Preuve datee,Conserver sa campagne et son perimetre,162,5,973ddb5b14d4a3b923a9d3c7c7eb4d8a9835f4bf6c2f13e1da3d82b6ffe96032
docs/proofs/full-project-20260923/finess.txt,Preuve datee,Conserver sa campagne et son perimetre,469,9,4336c21396158283bc008dc9860b08544e388e80179a8ef5cf15a72ddb992beb
docs/proofs/full-project-20260923/frontend.txt,Preuve datee,Conserver sa campagne et son perimetre,20123,282,2e34c3e987a18ecedc485503ed36ba08ff0b8cd7276610b8e2159e451ac4ffff
docs/proofs/full-project-20260923/github-deployments.json,Preuve datee,Conserver sa campagne et son perimetre,480,15,c30dd889f8e73fe60e23fe272300fecf56476661450bc5ba432be0c58c5cf014
docs/proofs/full-project-20260923/integration-summary.json,Preuve datee,Conserver sa campagne et son perimetre,2323,142,31cac3f79930f1df57cdd2e34ad514e4a96e0cf6bbb9e471a6a2e0497c2fcf8f
docs/proofs/full-project-20260923/isolated-external-visibility.spec.js.txt,Preuve datee,Conserver sa campagne et son perimetre,461,12,3b8e548b5f23ee4750b3335ef8f6a7ecfad7a1443d6307cb80b0d0efcb7d5a9a
docs/proofs/full-project-20260923/isolated-regressions.txt,Preuve datee,Conserver sa campagne et son perimetre,527,10,045e66ef779c8334a75f4f7d056c8e48d833dd34bc76342d5f177fb851217152
docs/proofs/full-project-20260923/isolated-result.json,Preuve datee,Conserver sa campagne et son perimetre,263,6,c4c708b18a10e574e6962c5efb8f35c6b37fe20b4eac2d30cf76d900a7846f2c
docs/proofs/full-project-20260923/isolated-source-snapshot.json,Preuve datee,Conserver sa campagne et son perimetre,47074,1221,a1cc0e7c47b9b9768eccdc18eb964d7ee0c019ea241fc7f2c95836143c440006
docs/proofs/full-project-20260923/npm-backend-production.json,Preuve datee,Conserver sa campagne et son perimetre,365,22,0e65f921134f0a4d19ac8dffb5504c976ebfb5bb3065e305cc5a892967a7ccf9
docs/proofs/full-project-20260923/npm-backend.json,Preuve datee,Conserver sa campagne et son perimetre,365,22,0e65f921134f0a4d19ac8dffb5504c976ebfb5bb3065e305cc5a892967a7ccf9
docs/proofs/full-project-20260923/npm-frontend.json,Preuve datee,Conserver sa campagne et son perimetre,364,22,30887b3e7d6d6d28245be9c83f40af3c80ae05885e9c982b647d669930a9b2f1
docs/proofs/full-project-20260923/production-access-and-queue.json,Preuve datee,Conserver sa campagne et son perimetre,918,48,fe696ae8d844ba066eb6ed6fb2e922b1cc26ec5fd118ea1f40cd045ecd2c3b3e
docs/proofs/full-project-20260923/production-diagnostics.json,Preuve datee,Conserver sa campagne et son perimetre,5135,229,082f65fe053383f1c02b5a5201ce0a49108aa3074326ba658ee8018ba6da7084
docs/proofs/full-project-20260923/production-http.json,Preuve datee,Conserver sa campagne et son perimetre,839,33,dfa6a533d2f415cbc583e189bc9068848d2c19cfaa7ab5fdaeccb986a5ed3a7d
docs/proofs/full-project-20260923/public-quality.txt,Preuve datee,Conserver sa campagne et son perimetre,136,1,d826d06e64e9c925801554a1f08739606b54791a7c3c72245fa1cb3192ea412d
docs/proofs/full-project-20260923/pwa.txt,Preuve datee,Conserver sa campagne et son perimetre,553,16,3db6479bbcb5ec75f1f3992ae3aa4b8f6d7ccaea2b52d5ca6b9f0a00cb7fbad1
docs/proofs/full-project-20260923/secrets.txt,Preuve datee,Conserver sa campagne et son perimetre,31,1,46f81878af532f5f6c7bd814c049e08b16b4cba29da764830af72e116b8aba89
docs/proofs/full-project-20260923/security-final.txt,Preuve datee,Conserver sa campagne et son perimetre,2402,46,a6a83ff0f998748890c677f0663d1aae9fd2b523600b10f653e9935cc240fdbf
docs/proofs/full-project-20260923/seo.txt,Preuve datee,Conserver sa campagne et son perimetre,684,16,ba8536cd41cbfbd11ccf16d8812246b2e16fd79a876fd01c550eb888b179a2a4
docs/proofs/full-project-20260923/summary.json,Preuve datee,Conserver sa campagne et son perimetre,1214,60,d1aec1a37f603b98f4b68a7bef0b1c26d3ecc7c454a4cd5bd9d063323f8449db
docs/proofs/full-project-20260923/unit-coverage-summary.json,Preuve datee,Conserver sa campagne et son perimetre,71682,4142,33686518f3756ed934cf987b89eda41e8863feef52764ac009e3b3892d09f604
docs/proofs/full-project-20260923/unit.txt,Preuve datee,Conserver sa campagne et son perimetre,74050,857,acf6498a473ea5bc47ed1a0984a987b70dc8eeb64b0e8cf1f10d73a6147822b2
docs/proofs/full-project-20260923/vercel-mongo-connectivity.json,Preuve datee,Conserver sa campagne et son perimetre,1221,25,d7e05b1979b1b0abd34ae0d5149a485411bca3a9bd1e03b3453c1abc333cd514
docs/proofs/google-registration/database.json,Preuve datee,Conserver sa campagne et son perimetre,647,12,d7323ba982af121985fbf4c002c08f1ec666c5bfea15571ebbc0a083816cebfe
docs/proofs/google-registration/http.json,Preuve datee,Conserver sa campagne et son perimetre,469,11,031162965d8b0e85086e560a89d7d94ff71ae5b65882f0f1538689702be06f31
docs/proofs/help-ui-20260924/browser.txt,Preuve datee,Conserver sa campagne et son perimetre,4097,52,411a378342111ca6d390c03da67c6417e14c90f252418424438517d79815b436
docs/proofs/help-ui-20260924/build.txt,Preuve datee,Conserver sa campagne et son perimetre,10895,137,6cec50c326905846ac7074ef7f7e4e6fc0534c8c2994d04633a4f4012179e110
docs/proofs/help-ui-20260924/unit.txt,Preuve datee,Conserver sa campagne et son perimetre,10822,150,fbb8c710b542deb2a9507fd50edde49e7bc5df38379f9410d605c0ab315592fe
docs/proofs/help-videos-2026-09-21/audio-validation.json,Preuve datee,Conserver sa campagne et son perimetre,1470,62,6b922c6356e832c31281b9a7d224335e953c684712ba118c1ad8312b7f1147d0
docs/proofs/help-videos-2026-09-21/browser-audio-results.json,Preuve datee,Conserver sa campagne et son perimetre,6102,223,52075fe43923d691b3bf357d61d2befdff7ad796e2701e78984cc5ae1e40fe8b
docs/proofs/help-videos-2026-09-24/README.md,Preuve datee,Conserver sa campagne et son perimetre,2126,27,d2fa083c0cdc52ee6bcee4557354b5d9a331c82ab7d98753f1d7e7a80a5a2aed
docs/proofs/help-videos-2026-09-24/audio-validation.json,Preuve datee,Conserver sa campagne et son perimetre,1532,62,d6b01884569db8c1c775277a142643b6ba040138ceeab2b2fd6a66d9092e2503
docs/proofs/help-videos-2026-09-24/browser-playback.json,Preuve datee,Conserver sa campagne et son perimetre,919,50,8bfb87a54c4a0a3476dffada3bacc17d350ab6dca5961a04ed71079ed67c9052
docs/proofs/help-videos-2026-09-24/media-manifest.json,Preuve datee,Conserver sa campagne et son perimetre,3593,96,0f17338736d52c38cdfaafc4755430ac88a46505ff1ee146918b401481f77352
docs/proofs/help-videos-2026-09-24/recording-results.json,Preuve datee,Conserver sa campagne et son perimetre,17024,528,fbfcdf38d8128ad48d2d218fb0aa0bca5f53118d33545b8e424eb5b15fbf8c81
docs/proofs/images.json,Preuve datee,Conserver sa campagne et son perimetre,341,8,74f352b80a64ba679bf23a6caf683a6b1a8d656b91cf3f656f8734fe353757e2
docs/proofs/integration-final.txt,Preuve datee,Conserver sa campagne et son perimetre,698,47,2d944cf2b85244741f7147b3f4e0f8fb9a279ae7b9caacc3450ea19745c1d537
docs/proofs/interimaire-maquettes/backend.json,Preuve datee,Conserver sa campagne et son perimetre,1553,24,f6015ebef4fc73383b2d5e368c45e924781a200d6d865bf40882686993d3d7f2
docs/proofs/kickoff-source-extracted.txt,Preuve datee,Conserver sa campagne et son perimetre,10068,175,dffa2ceab135ecda035f89f1d9b76019f16708aff14d528e19591089b8c70929
docs/proofs/matching-diagnostic/.gitignore,Preuve datee,Conserver sa campagne et son perimetre,7,1,733989dbb946e333013d030e41ecf9292dfdb001cfb14cdca633e7c0bd8bba19
docs/proofs/matching-diagnostic/results.json,Preuve datee,Conserver sa campagne et son perimetre,27222,834,4edfdc7946d78f5715be0f0f8d9608afee5a5ff658feaf52d24457d35da50af6
docs/proofs/matching-optimization/.gitignore,Preuve datee,Conserver sa campagne et son perimetre,7,1,733989dbb946e333013d030e41ecf9292dfdb001cfb14cdca633e7c0bd8bba19
docs/proofs/matching-optimization/baseline.json,Preuve datee,Conserver sa campagne et son perimetre,28789,884,9f0e86cfe1cee6d172d56dfdfa8c96ff880aab05b683fdb7644d2a9e8d42a8c0
docs/proofs/matching-optimization/first-run.json,Preuve datee,Conserver sa campagne et son perimetre,28658,884,d9054db3ab12abdcfd90762c0535742dd4492ddacd042d0f6a6f5ea7b39a96f3
docs/proofs/matching-optimization/results.json,Preuve datee,Conserver sa campagne et son perimetre,29026,889,b285e1fc0ae720817992a6eb3662a746ff70f4345feca2a7fa50274d1b2a2107
docs/proofs/matching-optimization/tests-result.json,Preuve datee,Conserver sa campagne et son perimetre,262,6,9de8be6535d0e02a6108f9eb39c742b62cad5ec149ef77197da7db4e1a32bd63
docs/proofs/matching-optimization/tests-source-snapshot.json,Preuve datee,Conserver sa campagne et son perimetre,37231,973,824d6e98bd87c0992f19a46eb8c2b30004e1234cb0541a20a67eae76b535a779
docs/proofs/matching-optimization/tests-suite-results.json,Preuve datee,Conserver sa campagne et son perimetre,1950,106,88c17fc207093c93cf35d61244e0550be47863a62db64e2f36f44c82bc052bce
docs/proofs/missions-pagination/backend-readonly.json,Preuve datee,Conserver sa campagne et son perimetre,990,20,9e54b7dfe8875f4c449a44fddea503f618a1fb48a153e401275a15211832d09b
docs/proofs/missions-pagination/http.json,Preuve datee,Conserver sa campagne et son perimetre,451,27,30746f811a3d4dcc3edf0e0c68587baa269dcd6ab6913f3aab125b3afe600107
docs/proofs/n8n-executions.json,Preuve datee,Conserver sa campagne et son perimetre,1382,58,7fbd2b9c1e564f4d2490b68ac12ce540feee6887fedf42827cb840602b6c44dc
docs/proofs/npm-audit.json,Preuve datee,Conserver sa campagne et son perimetre,365,22,166867575d67f6d71379fc71efdda72f3d8766c3338ceee6c8e86c116e408c94
docs/proofs/offer-deduplication/audit.json,Preuve datee,Conserver sa campagne et son perimetre,232,13,79def36fd60989fc35dee1ad0153b2c69cdc2cbd094cfa240bb19af42ceb61e7
docs/proofs/parser-pilot-v2/CHAMPS_STRUCTURES.json,Preuve datee,Conserver sa campagne et son perimetre,8951,368,fd34396cd976ec1efe003f1ee68ab8e6eb43a2505ff67e9469c14c9b0b7026b5
docs/proofs/parser-pilot-v2/COMPARAISON.md,Preuve datee,Conserver sa campagne et son perimetre,103017,884,9294902eb98bd4809d00b94ab74b251ea7a708ae815b7b9a855d64b48ae0201f
docs/proofs/parser-pilot-v2/results.json,Preuve datee,Conserver sa campagne et son perimetre,184967,3996,99b0aec0446ec797e8fee52cf2c48be13801ee8e3921cdfcbb29607611ec9ea2
docs/proofs/parser-pilot-v3/COMPARAISON.md,Preuve datee,Conserver sa campagne et son perimetre,66375,425,1aefe49c3d1ab8acc45a68fb025b54aa7b6c982729ad3918f93a3545455cb469
docs/proofs/parser-pilot-v3/apercu-desktop.png,Preuve datee,Conserver sa campagne et son perimetre,125823,,0a9e0e3b093cb1d52836cae33e82c29d9620fa632dfccac2885e7356791097c4
docs/proofs/parser-pilot-v3/apercu-mobile.png,Preuve datee,Conserver sa campagne et son perimetre,56526,,1a9bf878618fdc3a120f43e58dae333bcf982f98e52245c4a9e0aaac30a2c0b2
docs/proofs/parser-pilot-v3/fiche-mission-parsing-mobile.png,Preuve datee,Conserver sa campagne et son perimetre,54579,,2c7ce618285829a9e6da3b00b3e3bf4d2830f7268469deb49b52ad0f57002c7f
docs/proofs/parser-pilot-v3/fiche-mission-parsing.png,Preuve datee,Conserver sa campagne et son perimetre,143907,,a569ab37276e7250975eedafe637a7f22f1903fbce5352374d27ffd7c202a3d9
docs/proofs/parser-pilot-v3/results.json,Preuve datee,Conserver sa campagne et son perimetre,329355,6938,8f975bc0475c868e428df97bcc855562cf40ffd6df42219c3270a36658c6dea4
docs/proofs/parser-pilot/BILAN_PARSEUR.md,Preuve datee,Conserver sa campagne et son perimetre,15255,168,259f41cb76fcc03a435da05660710859497ced7fddac7658d6f0c8b3ecd4ac98
docs/proofs/parser-pilot/resultats.json,Preuve datee,Conserver sa campagne et son perimetre,23801,544,1c15fe775aba250bab2b0d2f63eff7d2aefd00548605763d83c6b41d38c4fe8b
docs/proofs/parser-v4/browser.json,Preuve datee,Conserver sa campagne et son perimetre,468,14,493c899e0c1e568736cd6f457db11ac56055f048365e5dfaaa80b8f4300680fc
docs/proofs/parser-v4/candidate-page-2.png,Preuve datee,Conserver sa campagne et son perimetre,87737,,206f7f2acbfad63037f2bb1b3dbf69cd84d84f6f2bd2f2e65ba4263b05f2929c
docs/proofs/parser-v4/evaluation-before.json,Preuve datee,Conserver sa campagne et son perimetre,44506,1180,6753aef6da5f3a69bfd6974c5ee1e3bd1ebac7e3519bf55ec1c2181572893661
docs/proofs/parser-v4/evaluation.json,Preuve datee,Conserver sa campagne et son perimetre,45787,1205,35897b8962513d29827e4329e860b855a1b1deb810af1a03b0e58f02f0552807
docs/proofs/parser-v4/home-preferences.png,Preuve datee,Conserver sa campagne et son perimetre,127051,,00eaaa22c9237a4dd3c911397f33f4718b77d3e319f411c72a14e6729de286f9
docs/proofs/parser-v4/idle-browser.json,Preuve datee,Conserver sa campagne et son perimetre,352,11,878792266aabb433f14dc2ba652f13a768ae851776ae21befe50f817954ecc00
docs/proofs/parser-v4/idle-expired.png,Preuve datee,Conserver sa campagne et son perimetre,186409,,73ddf4248ca3da87693cd75e11d549776c5e9a0bda630da27bcbcf24873043ec
docs/proofs/parser-v4/idle-warning.png,Preuve datee,Conserver sa campagne et son perimetre,69582,,a3f1827311e736cd075bf3839f1ac184c215149cd0b9e0004d34f2619e589d39
docs/proofs/parser-v4/mission-desktop.png,Preuve datee,Conserver sa campagne et son perimetre,120457,,66ef1adb02aa1b136168235d22820970ff2e336fde1ea03f44d0c3511cf2f900
docs/proofs/parser-v4/mission-mobile.png,Preuve datee,Conserver sa campagne et son perimetre,48077,,b389619550375fc4cbd3f005af8ed6d82dc51a1bb0586f7bc9e170f88a5cd07f
docs/proofs/parser-v4/validation-unseen.json,Preuve datee,Conserver sa campagne et son perimetre,20796,532,a3f2b612ea38bb829a6967ff680128873c98ba875344fdc67a1ff6fc11819bc1
docs/proofs/postgres-restore.json,Preuve datee,Conserver sa campagne et son perimetre,494,19,0f98bbe064c04681057718a19f2ea1ca5681d3687e0c000981447b45550216a9
docs/proofs/remediation-20260923/dns-status.json,Preuve datee,Conserver sa campagne et son perimetre,390,18,d053d75cecf6eb347ff34feac5bde58b161ebb7a18e550debd202dc58acb98c0
docs/proofs/remediation-20260923/external-ranking-bytes.json,Preuve datee,Conserver sa campagne et son perimetre,733,26,5d22257ec0fb6d5b5cd0b8c8b633e445b756d0c799308bee7263371fb0334fba
docs/proofs/remediation-20260923/initial-full-suite-results.json,Preuve datee,Conserver sa campagne et son perimetre,2337,126,4b4e03eacc038e7aa9cfc2343af55e7093eb6426328ab6bf26bb35241f7bdb7b
docs/proofs/remediation-20260923/integration-admin.spec.js.txt,Preuve datee,Conserver sa campagne et son perimetre,10822,117,1059ee0c2c0152d92a5773d4d9630f3a0c7dbd56b11b53d4918c1b2dd4f693ff
docs/proofs/remediation-20260923/integration-application-warnings.spec.js.txt,Preuve datee,Conserver sa campagne et son perimetre,418,11,8c2fd7a289f4777a6723c8ad823bdcca747a8b3098ca08bc8c8b4f7e9f448e8e
docs/proofs/remediation-20260923/integration-audit-remediation.spec.js.txt,Preuve datee,Conserver sa campagne et son perimetre,510,12,e45851465951d246127eef4dcd9c8ad12478d3db892274c78f989b74a55897cf
docs/proofs/remediation-20260923/integration-cloud-storage.spec.js.txt,Preuve datee,Conserver sa campagne et son perimetre,514,12,7188332efa77fb4c411aba83ee0e8a04f6a447fe498729f1baff164dc494b719
docs/proofs/remediation-20260923/integration-contract-preparation.spec.js.txt,Preuve datee,Conserver sa campagne et son perimetre,773,14,28907da871a9c0ab36fd433ad4b7662889f886b6574fea67c0efe620335cd873
docs/proofs/remediation-20260923/integration-conversions.spec.js.txt,Preuve datee,Conserver sa campagne et son perimetre,715,14,a7a369a72fc2b9df693ce20e143983070d2dffd585f78561d03175fcb70266c3
docs/proofs/remediation-20260923/integration-demo-notification-suppression.spec.js.txt,Preuve datee,Conserver sa campagne et son perimetre,737,14,4142fa15c4789e0096bb6e1da4cbf97f29282765abfbab0fc4d2257c323259fa
docs/proofs/remediation-20260923/integration-email-delivery.spec.js.txt,Preuve datee,Conserver sa campagne et son perimetre,704,13,9656cfe237001ada272eee90d7b606a94825830acd692f5a80d2a72fb5f997df
docs/proofs/remediation-20260923/integration-enterprise-flow.spec.js.txt,Preuve datee,Conserver sa campagne et son perimetre,613,13,cfd7cf82cec966aeecb9f6f085ef4a003765a2fc507f1e51acaf872891dc2f42
docs/proofs/remediation-20260923/integration-establishment-directory.spec.js.txt,Preuve datee,Conserver sa campagne et son perimetre,422,11,0e10d94ef7d6f55065563ff8a1767314968df3c334b2fa73aa29b9f31edbe43e
docs/proofs/remediation-20260923/integration-external-collection.spec.js.txt,Preuve datee,Conserver sa campagne et son perimetre,754,14,3f9e4247e68373ad8043d33253d92a3bdad1f22438347382c05540bd73497a20
docs/proofs/remediation-20260923/integration-external-ranking.spec.js.txt,Preuve datee,Conserver sa campagne et son perimetre,349,10,add664d42e8b601534f97c4f3d38985e80d0e73a3717b3a629a1b2867bb834ac
docs/proofs/remediation-20260923/integration-external-visibility.spec.js.txt,Preuve datee,Conserver sa campagne et son perimetre,462,12,747a9883aa9fde010fc32ac34f8d2025e8707b05c812d9a8e050629e56197763
docs/proofs/remediation-20260923/integration-jobspipe-credits.spec.js.txt,Preuve datee,Conserver sa campagne et son perimetre,405,11,ef0c3092ba6b7660b125cb46586e6ca2d62a22a2d3a93dcf1d3b1017faa0fe6c
docs/proofs/remediation-20260923/integration-journey.spec.js.txt,Preuve datee,Conserver sa campagne et son perimetre,3335,43,225c2e2c54826e2c84ad9fb138c96d4670a42f3da37e97fc9b36cea59f5b3f0a
docs/proofs/remediation-20260923/integration-listing-order.spec.js.txt,Preuve datee,Conserver sa campagne et son perimetre,766,15,924b69785092bc142beb866386d6dcfcbc0f5eddee9d4ccad8e651428c66322c
docs/proofs/remediation-20260923/integration-matching-distance.spec.js.txt,Preuve datee,Conserver sa campagne et son perimetre,228,9,c8ebbdc2743b4f4372a32bcb50dc760edbee4e379ec1cd389419b09ba25695d8
docs/proofs/remediation-20260923/integration-mission-guardrails.spec.js.txt,Preuve datee,Conserver sa campagne et son perimetre,934,16,f1093219e28e101ecf2b545cfcd035a40c1696152ca26386e148b0616a05a243
docs/proofs/remediation-20260923/integration-mission-location.spec.js.txt,Preuve datee,Conserver sa campagne et son perimetre,465,12,735bb74ae39c4a1713f6c69a587571139ebc2dc3c3eb7aa61b7d9e4c94e3caa8
docs/proofs/remediation-20260923/integration-mission-mail.spec.js.txt,Preuve datee,Conserver sa campagne et son perimetre,783,14,87a1744efebb5103be05e59588583afd6732631f29a936fc85482c14b497af91
docs/proofs/remediation-20260923/integration-notifications.spec.js.txt,Preuve datee,Conserver sa campagne et son perimetre,531,13,9c2cb3e66fd982c5eac41f01f496d3dd926ed385ad708659f30dfd5366258f80
docs/proofs/remediation-20260923/integration-offer-freshness.spec.js.txt,Preuve datee,Conserver sa campagne et son perimetre,729,14,6f19696a323d2df7eb1fac237d247199ac2270d3f47610f3c8cd4e80153c78cf
docs/proofs/remediation-20260923/integration-personal-corrections.spec.js.txt,Preuve datee,Conserver sa campagne et son perimetre,688,14,ffa4cd0dd4f0ac32ba5044f1bafd886d878cdd6c010d69fad37543e801f8bcb1
docs/proofs/remediation-20260923/integration-profile-after-assignment.spec.js.txt,Preuve datee,Conserver sa campagne et son perimetre,844,15,01255a5ac5800e50ce62b9bd7bcf4d90615ca3866f5764b6b3cc8b8a0a3d717a
docs/proofs/remediation-20260923/integration-purge-demo-alerts.spec.js.txt,Preuve datee,Conserver sa campagne et son perimetre,646,14,18a50a8690ae2b6f16de3dbd4dac2192f0cd14739997ffc9f14de7094e3f4750
docs/proofs/remediation-20260923/integration-recovery.spec.js.txt,Preuve datee,Conserver sa campagne et son perimetre,917,16,2fc88e48c715221e1f1bede8843191ce019805a3251192a7198cc793fb9d4ef7
docs/proofs/remediation-20260923/integration-security-evidence.spec.js.txt,Preuve datee,Conserver sa campagne et son perimetre,808,17,9ce079217cd50b1f9bf329d803d017d889828af76746501c58ff94e65fc80c91
docs/proofs/remediation-20260923/integration-shared-rate-limit.spec.js.txt,Preuve datee,Conserver sa campagne et son perimetre,587,13,8eaccce34f29db7912ec7cef0dd255542d719ca4a8e13b133536b91b1425eaa8
docs/proofs/remediation-20260923/integration-support.spec.js.txt,Preuve datee,Conserver sa campagne et son perimetre,641,13,f83ae8321e7c19dab017c2bfaac52eb2494b18b20bd88162bc61780b1ef20fcc
docs/proofs/remediation-20260923/operator-policy-test.txt,Preuve datee,Conserver sa campagne et son perimetre,214,9,fdfc55a9b3b144a6b4d2aaf0aa1a8ffd499e900d7c8c68a8a2ffb1acd37e3a22
docs/proofs/remediation-20260923/postgis-attempt.txt,Preuve datee,Conserver sa campagne et son perimetre,397,6,43e5665d1bebc79ede08f3e6b222ded220814a5b01afaa97cf099b925a01bd47
docs/proofs/remediation-20260923/production-deployments.json,Preuve datee,Conserver sa campagne et son perimetre,420,1,053e5522ebd049ee4d035cb1f64072c535141bdd0fae81a4e216769842764048
docs/proofs/remediation-20260923/production-http.json,Preuve datee,Conserver sa campagne et son perimetre,485,28,7fde8bbb3ea66ece8f174754c5c4bafe8b5ee45737d7f009b2b2d3cf9b7cb816
docs/proofs/remediation-20260923/summary.json,Preuve datee,Conserver sa campagne et son perimetre,6327,296,1a9794716b0e92cae4079eeb36480ffccd803112e69392638b7b8674f14b5221
docs/proofs/remediation-20260923/targeted-regressions.txt,Preuve datee,Conserver sa campagne et son perimetre,527,10,045e66ef779c8334a75f4f7d056c8e48d833dd34bc76342d5f177fb851217152
docs/proofs/remediation-20260923/targeted-result.json,Preuve datee,Conserver sa campagne et son perimetre,217,6,7d4b2f8c721bc15c6b0f2f9f9553e41e26b38fa7b34cd563cf909da4128e3c6e
docs/proofs/remediation-20260923/targeted-source-snapshot.json,Preuve datee,Conserver sa campagne et son perimetre,47394,1229,54637c7ae98b86f968b4054ff240afd588319e3419197a5f282f539d884ad330
docs/proofs/remediation-20260923/targeted-suite-results.json,Preuve datee,Conserver sa campagne et son perimetre,315,18,f810e3ba9854a46d12a92f2b9ce48d0279a2fdd5043973f58f270aec8a50c30c
docs/proofs/remediation-20260923/unit-backend.txt,Preuve datee,Conserver sa campagne et son perimetre,74130,858,ab7cb9565758b71428b6bd6c38d54125f289240e4d672944e39b1996895b3985
docs/proofs/remediation-20260923/unit-coverage-summary.json,Preuve datee,Conserver sa campagne et son perimetre,54261,161,c71958528c0840fdd8e3410f2d0baba653eb33ceb087ad2b1bdfa3b855a9b386
docs/proofs/remediation-20260923/unit-frontend.txt,Preuve datee,Conserver sa campagne et son perimetre,8131,122,9229c2f5e5056cbedfb5c62c6dfcf0134962abc216d6eaae29f4244fa71748ec
docs/proofs/remediation-20260923/vault-after-renewal-before-reference-fix.log,Preuve datee,Conserver sa campagne et son perimetre,2590,94,80ff4a818339200e8bc5b312a188ac0ea515cd0ff68a6c50b1891030674c0e2b
docs/proofs/remediation-20260923/vault-final-tests.log,Preuve datee,Conserver sa campagne et son perimetre,1619,52,35f3b2c0737441e52dc579aa761f44a1dcc81e03e6e2f6954144038528d690e0
docs/proofs/remediation-20260923/vault-security.txt,Preuve datee,Conserver sa campagne et son perimetre,3123,58,5bb2c4a465c5683761a42d1a756e2947cf48a01014fc95fa07d9ec2157854a62
docs/proofs/remediation-20260923/vault-support-followup.json,Preuve datee,Conserver sa campagne et son perimetre,1699,47,079a3940e021b5b248b1d7ca70eec486b4ee3f60737904a73931c0946f2cf741
docs/proofs/review-20260924/README.md,Preuve datee,Conserver sa campagne et son perimetre,1289,10,57b8090b622514297f7e912373e9c6c4c4bad800eed4bb5d0cc055766f66ce5c
docs/proofs/review-20260924/admin-browser.txt,Preuve datee,Conserver sa campagne et son perimetre,627,15,749dcd1e965cdd53427e1c638d1c8f515b2025f5dea81b35489de85cf465c572
docs/proofs/review-20260924/admin-build.txt,Preuve datee,Conserver sa campagne et son perimetre,1287,49,303f8479846de47bd0be6c7a8b9cc369da969c89727048f18663e43a96ade9df
docs/proofs/review-20260924/browser-tests.txt,Preuve datee,Conserver sa campagne et son perimetre,4182,103,907c641eef65b04428f8959363eac28f359e1982454388262ba0062a0b36f3db
docs/proofs/review-20260924/frontend-build.txt,Preuve datee,Conserver sa campagne et son perimetre,10948,271,75dc090934b2555068c5d26ef31c28f2b96aafdd92d465a5227858b748bdef80
docs/proofs/review-20260924/frontend-tests.txt,Preuve datee,Conserver sa campagne et son perimetre,8257,243,806e79cc42616ae8a89454139d838b1188b8b899271ccd4664f04e5e913d5906
docs/proofs/review-20260924/full-result.json,Preuve datee,Conserver sa campagne et son perimetre,131,5,45f86698bc5fad1a46079e008142d768dfe478888feab1cd3d88a4bcea1cdda8
docs/proofs/review-20260924/full-suite-results.json,Preuve datee,Conserver sa campagne et son perimetre,2415,130,93023cb97350d0b1381e3dfe693685b547e3d2f72d104f0d51b57d61ef64fc46
docs/proofs/review-20260924/integration-counts.json,Preuve datee,Conserver sa campagne et son perimetre,2705,303,fabbea52d07a507b946026bb834bd1a7bbcccbde87d46302c924a068f6e11767
docs/proofs/review-20260924/security-regressions.txt,Preuve datee,Conserver sa campagne et son perimetre,527,10,045e66ef779c8334a75f4f7d056c8e48d833dd34bc76342d5f177fb851217152
docs/proofs/review-20260924/security-result.json,Preuve datee,Conserver sa campagne et son perimetre,217,6,fd8d7b20ed577457bad30eabb7ded68549da8e2502e0455673d26bc56422e32a
docs/proofs/review-20260924/summary.json,Preuve datee,Conserver sa campagne et son perimetre,1149,44,480dd4b6324a0e4b3569926267beb00bbf67132efca1bcad1dced9de09452490
docs/proofs/review-20260924/unit-coverage-summary.json,Preuve datee,Conserver sa campagne et son perimetre,75241,4272,f213150590e2cfaa1d4c8e3fc00ef629ffdfc3ec8ba82d688231a958603d1612
docs/proofs/review-20260924/unit-coverage.txt,Preuve datee,Conserver sa campagne et son perimetre,79062,1795,8ce49e629d975e3e8572f0f29d837c525bc870b2e1922810d7241877fdfdd67e
docs/proofs/review-integrity.json,Preuve datee,Conserver sa campagne et son perimetre,168,6,c1d4f3c2c6655d8ac54ef1ee6e58405f46afeae137abafee08b1ba4dcac331ec
docs/proofs/security-import/backend-unit.txt,Preuve datee,Conserver sa campagne et son perimetre,14886,,57729a7c665cc2fa4c5fb072aeccc8fec83765f82fe34eb5cd4621bd1c6241a6
docs/proofs/security-import/build.txt,Preuve datee,Conserver sa campagne et son perimetre,252,,ae5ba4e761012e311a839a97631ad3c90e71e4cd4ef9a87a9fa50a605b5af3e4
docs/proofs/security-import/manifest.json,Preuve datee,Conserver sa campagne et son perimetre,3401,32,7751a4c05d00cbb66b5550605d3f5b7aac15ed13fc528b36516c1d673b4feaf3
docs/proofs/security-import/publication-manifest.json,Preuve datee,Conserver sa campagne et son perimetre,114572,3042,6b49f24091bf4a1912836e72c8737df87f7a47fa0353a13b86cd1b109468f8b2
docs/proofs/security-review-2026-09-21/admin-campaign.json,Preuve datee,Conserver sa campagne et son perimetre,216,6,c48db04df6a7a9d5bd8892e8319cd7d02ae3b968c5619a7833ef21212df5cdd9
docs/proofs/security-review-2026-09-21/current-secret-scan.json,Preuve datee,Conserver sa campagne et son perimetre,252,6,701cf460a69605f6c1ed3109dd30e7ad9921a001a1495e3cd60ed00c4dc005ef
docs/proofs/security-review-2026-09-21/final-admin.json,Preuve datee,Conserver sa campagne et son perimetre,149,10,0120b6193119d3156400cd8a6798c37bd175110e31b495b9816b957d08795fae
docs/proofs/security-review-2026-09-21/final-journey.json,Preuve datee,Conserver sa campagne et son perimetre,151,10,601dfaeb2879835f3aa062cc0a0347d2220f6606caa05997ab27bd02f056aac7
docs/proofs/security-review-2026-09-21/initial-integration.json,Preuve datee,Conserver sa campagne et son perimetre,655,38,9eb9c6692d79b05f65e1d979e1b6cddc98e46014b56ad37b7dd0660c2ea93573
docs/proofs/security-review-2026-09-21/live-metadata.json,Preuve datee,Conserver sa campagne et son perimetre,1954,96,7bf077c7bc2bc8c102a9fa6ff9216e2852a69ba3af04555f56903f78a7cfb0cc
docs/proofs/security-review-2026-09-21/postgres-regressions.json,Preuve datee,Conserver sa campagne et son perimetre,510,10,ca12b0a9f1987071ebc7c46b2802f3308d078848fe9b5d925308a65d3d2a2b8d
docs/proofs/security-review-2026-09-21/test-summary.json,Preuve datee,Conserver sa campagne et son perimetre,589,35,ec6bb841ff340673c6738ec3ed4fec610b3641aa550ec597f844c95bfd6a5d08
docs/proofs/seo-2026-09-22/http-checks.json,Preuve datee,Conserver sa campagne et son perimetre,2848,101,2943e03cf4ff4fefda51faf9600a92e69b8baacadb4b54eae76aa635da34e99e
docs/proofs/seo-2026-09-22/live-seo.json,Preuve datee,Conserver sa campagne et son perimetre,7541,203,4b583d2723bd85c581002dac1341f2fe02d16e832fd5215ff5438d07e8d07ebc
docs/proofs/seo-2026-09-22/mobile-1.json,Preuve datee,Conserver sa campagne et son perimetre,620616,9523,9d41063e137c61af9631d7b1dad0b2aabe3d113515ca21eda2cf0e863a34542e
docs/proofs/seo-2026-09-22/mobile-2.json,Preuve datee,Conserver sa campagne et son perimetre,640223,9454,f488670d35c764e89a773600c119b8752c8f7a03d40893fa818c13d9ab00c6aa
docs/proofs/seo-2026-09-22/mobile-summary.json,Preuve datee,Conserver sa campagne et son perimetre,1192,48,a4c8317ebb44d814702c93da6b92e8fd9a7422aef1a8440c06a7db6154090dcd
docs/proofs/seo-2026-09-22/rendered-pages.json,Preuve datee,Conserver sa campagne et son perimetre,2648,75,8b955c0074f85c951a6b9b7aa1a86ba98f46b6adb5d3eaa11ab2311bd07728fa
docs/proofs/six-features-20260923/admin-browser.txt,Preuve datee,Conserver sa campagne et son perimetre,620,8,4741392b5967030ce08a6ea9eaa85a83814a01f86826b40a5bd5e2c992dfa6f8
docs/proofs/six-features-20260923/browser.txt,Preuve datee,Conserver sa campagne et son perimetre,4131,52,baa74b660cd4177507f8eb884b823b454d871bd1b68677fff57f0edfe3c2e2d3
docs/proofs/six-features-20260923/draft-browser.txt,Preuve datee,Conserver sa campagne et son perimetre,155,2,9d150394c80388dc56f49b394798b6731fa54551ca718b847aaedfbee0025ecb
docs/proofs/six-features-20260923/frontend-final.txt,Preuve datee,Conserver sa campagne et son perimetre,20162,286,99d3a9111d9bc98866a72b0a7778a2aa12ed5ada69465e019b9b0a9edd798492
docs/proofs/six-features-20260923/integration-summary.json,Preuve datee,Conserver sa campagne et son perimetre,2323,142,31cac3f79930f1df57cdd2e34ad514e4a96e0cf6bbb9e471a6a2e0497c2fcf8f
docs/proofs/six-features-20260923/isolated-external-visibility.spec.js.txt,Preuve datee,Conserver sa campagne et son perimetre,463,12,4afccb4d791b24d370e0551d487d4125d056707989956b1d8e8a2774c2945191
docs/proofs/six-features-20260923/isolated-regressions.txt,Preuve datee,Conserver sa campagne et son perimetre,527,10,045e66ef779c8334a75f4f7d056c8e48d833dd34bc76342d5f177fb851217152
docs/proofs/six-features-20260923/isolated-result.json,Preuve datee,Conserver sa campagne et son perimetre,262,6,5e367af1e515e99fe73c55d945847e77c3c5f30964b4036a0357419126a261c1
docs/proofs/six-features-20260923/isolated-source-snapshot.json,Preuve datee,Conserver sa campagne et son perimetre,47073,1221,43d75f9badef033f09b07fae3bf1c3e12451750a3aec02feddf62a3eae395b1f
docs/proofs/six-features-20260923/nurse-browser.txt,Preuve datee,Conserver sa campagne et son perimetre,227,3,e4d9b062ec6b09be672e215322c66723a489ca9e18805dc6117df0f408e73931
docs/proofs/six-features-20260923/seo.txt,Preuve datee,Conserver sa campagne et son perimetre,684,16,665ee517afeca75e7b74419539712327a226015983dd230f97591da6b5268502
docs/proofs/six-features-20260923/unit-coverage-summary.json,Preuve datee,Conserver sa campagne et son perimetre,71682,4142,33686518f3756ed934cf987b89eda41e8863feef52764ac009e3b3892d09f604
docs/proofs/six-features-20260923/unit-final.txt,Preuve datee,Conserver sa campagne et son perimetre,74062,857,442e2688b65d8ca7734b544f0cfd6d90b81fe917e8a2355c74ae6a21c9df19e5
docs/proofs/staffing-details/backend.json,Preuve datee,Conserver sa campagne et son perimetre,970,18,9d499e6e301b2729a412a3a0f55995294dd9161b2b5d3bde19ff315e34340a8e
docs/proofs/test-and-coverage.txt,Preuve datee,Conserver sa campagne et son perimetre,6044,197,3b58e56fa18a77af839ea56c8ea32127f203cac3a53d19838682ea468df00491
docs/proofs/tutorials-2026-09-21/browser-results.json,Preuve datee,Conserver sa campagne et son perimetre,5029,147,e18ece602e5a8d607a0f37826f1a188988728d775d0762b9964d02b955738630
docs/proofs/tutorials-2026-09-21/media-manifest.json,Preuve datee,Conserver sa campagne et son perimetre,6354,198,a5177e35ff5d19fe0c083ad1bc3c58cb64a1ac3e533294d54fc2dd230ee7a701
docs/proofs/typecheck.txt,Preuve datee,Conserver sa campagne et son perimetre,114,7,15360c0d4eee728b4f07e60c33ae4f59ca408d27e792e54b8509e33b343edaa2
docs/proofs/unit-coverage-20260923/coverage-summary.json,Preuve datee,Conserver sa campagne et son perimetre,72027,4090,c6ff3cadaa9ff382b057b7dae322070c05119329103a65819f94921a69d600ee
docs/proofs/unit-coverage-20260923/retest.txt,Preuve datee,Conserver sa campagne et son perimetre,73970,1691,4ede81227b4233da78641dd566dc2343989afd30715c4453891a830b96d096f8
docs/proofs/v1-hardening/ci.json,Preuve datee,Conserver sa campagne et son perimetre,3465,1,8553372096b536c44ab6aad7312e514c0e7ae68a19ece09eac1f3be52ed86571
docs/proofs/v1-hardening/cleanup.txt,Preuve datee,Conserver sa campagne et son perimetre,637,14,1b7217c7f2db98b49211887d12e49a0896621f8c4351fac29dc9af0bcd3b178d
docs/proofs/v1-hardening/coverage.txt,Preuve datee,Conserver sa campagne et son perimetre,31042,394,3216d86d2eb2152d8821d2b057635f78f25b91463865ddc7c40d6ff1c3e880f7
docs/proofs/v1-hardening/database-roles.json,Preuve datee,Conserver sa campagne et son perimetre,409,14,d7b3b38aa501872335bca8e20e04d991cf4884f1d23b3edc39f99c7a3b1857e7
docs/proofs/v1-hardening/fresh-migrations.txt,Preuve datee,Conserver sa campagne et son perimetre,562,1,a4bf1ca66e9479efec6eaaeefe712a8e8b330472abf1f320dfb0873e1aaf4d72
docs/proofs/v1-hardening/https-home.png,Preuve datee,Conserver sa campagne et son perimetre,175585,,55c3d2f1b160cb7678a870d101d2984d8a7463502f00381f06d1619af5681b30
docs/proofs/v1-hardening/https.json,Preuve datee,Conserver sa campagne et son perimetre,348,14,d822a31a540a1c898f73ccb5a18dd9902e5e8450322d70bd5a788869811e35ab
docs/proofs/v1-hardening/n8n-import.txt,Preuve datee,Conserver sa campagne et son perimetre,60,2,63cf775c13d5b151c99e869d5166f338e2386b43c34112906651d9b5fd1bf8fd
docs/proofs/v1-hardening/n8n-restart.txt,Preuve datee,Conserver sa campagne et son perimetre,91,2,562b3568e6ed869609297a6096f7fabdb9055a3bea660144c25690d9310e5fb7
docs/proofs/v1-hardening/publication-manifest.json,Preuve datee,Conserver sa campagne et son perimetre,40883,1150,b22f4d18fc3ab81c4dc3c515616b1ac544f9e93decc8994918319b9219058df5
docs/proofs/v1-hardening/publish-InfiMatchConfirm.txt,Preuve datee,Conserver sa campagne et son perimetre,193,3,19564fbbd4b75c759027043cd6602fc8eb7ca3f9a75541601df48aa8ec157e07
docs/proofs/v1-hardening/publish-InfiMatchMatches.txt,Preuve datee,Conserver sa campagne et son perimetre,193,3,97d1caa78b78d307aa0f89fc76bb5fb3f83e5e8ef47ab01ef22157b348da8f1b
docs/proofs/v1-hardening/publish-InfiMatchReminders.txt,Preuve datee,Conserver sa campagne et son perimetre,195,3,771dcd0e769be79183bff414aff5a31feda9a2a8c00008847584095e8a986a5d
docs/proofs/v1-hardening/regressions.txt,Preuve datee,Conserver sa campagne et son perimetre,521,10,f48cfe4b92a00dfb73db034359e642c00b340f54c7c7037a67932732b4b8df20
docs/proofs/v1-hardening/restore.json,Preuve datee,Conserver sa campagne et son perimetre,741,23,50076b3e9cd5ff9c87077ab0ab00d62bc1b95f289b9f81e42cdf9c024275ec20
docs/proofs/v1-hardening/result.json,Preuve datee,Conserver sa campagne et son perimetre,176,5,cfc1d50e269585e3038f58c5d185f9027fce96a79e2c85932e6d4e4d1efeef36
docs/proofs/v1-hardening/services.txt,Preuve datee,Conserver sa campagne et son perimetre,929,20,ec476352ceea3d02730fdccb869bd06eb5cef2c0f8f403647487ac99b23f3794
docs/proofs/vault-env-comparison.json,Preuve datee,Conserver sa campagne et son perimetre,352,21,f6fa1d39b743c0a1418c65f0e33c60a26651043260c07b56aeeb4ba2b5708703
docs/proofs/vault-installation.json,Preuve datee,Conserver sa campagne et son perimetre,2105,32,601a8be16adbc02b6bd4ac15447052adf082d7c5b8d23f6cf9969f8b4c6f269c
docs/proofs/vault-lifecycle.json,Preuve datee,Conserver sa campagne et son perimetre,440,12,d3c780a8958e16c21bb08ad7ce403c7906dbac6010839a180d6e8bd6ff5bbf0e
docs/proofs/vault-personal-account.json,Preuve datee,Conserver sa campagne et son perimetre,458,15,0beedd280596f21dd0e5d7a720e0005cbcfca5d026b7424f100b8ea48ba73a44
docs/proofs/vault-ui.json,Preuve datee,Conserver sa campagne et son perimetre,336,11,e70809259d11dbea44ef6ef550ba9c8c7b4ac21f9145266ab86e6ba9d904b3e8
docs/proofs/verification.json,Preuve datee,Conserver sa campagne et son perimetre,620,24,56c563e54f72f3121d84a68ab90824a9c07213e5cbc4fbee22add9285ae1f3da
docs/quality/ACCEPTATION_DIRECTE_2026-09-21.md,Campagne ou procedure specialisee,"Verifier date, limites et etat courant",1278,7,6871688c984f1a73abe92ef6dc987b127d266b0ebecb5a37c8840b2bc1382225
docs/quality/ADMIN_NOTIFICATIONS_DISCORD.md,Campagne ou procedure specialisee,"Verifier date, limites et etat courant",1481,13,47c4ee2ef872497575d3c473ac0e35eb4e866ca36906bb955a9d27e67a7b684b
docs/quality/ADMIN_PROTECTION_BRANCHES.md,Campagne ou procedure specialisee,"Verifier date, limites et etat courant",1326,14,dbeb5ac0e50ad7d8e47ef8a0ccb7a9ba6cbd292b1093066324764d406fc06942
docs/quality/ADMIN_PSC_EXPLOITATION.md,Campagne ou procedure specialisee,"Verifier date, limites et etat courant",11773,68,1347fbb9ef7cb1f79d22ae22ed4c0c071cf683ae66c472213af35e183f85179a
docs/quality/AIDE_MATCHS_CALENDRIER_2026-09-24.md,Campagne ou procedure specialisee,"Verifier date, limites et etat courant",2504,19,7ad7f66042d50eb55f6bd29ac3e57c617c00a4d649a5da0e49901a7e9f5ae55d
docs/quality/AIDE_SUPPORT_GUIDES_2026-09-19.md,Campagne ou procedure specialisee,"Verifier date, limites et etat courant",4662,36,dc1ca4d83e1d04bf14692a9f983ebccaac2311dea4107ec486bf4558b79432ff
docs/quality/ALIGNEMENTS_NOTIFICATIONS_2026-09-21.md,Campagne ou procedure specialisee,"Verifier date, limites et etat courant",8132,69,4dcc2ab2b6d4d0524887b341ae092abde69bcaae89448a1a346f21f22ca4b63e
docs/quality/AUDIT_COMPLET_2026-09-23.md,Campagne ou procedure specialisee,"Verifier date, limites et etat courant",11929,104,0676579e2ea7f0092dced0124270fe071bf379b9a808bfef35353cab212b0f20
docs/quality/AUDIT_FRANCE_TRAVAIL_2026-09-17.md,Campagne ou procedure specialisee,"Verifier date, limites et etat courant",21225,182,b0ccb4d4dcc7a7b50103fe5e1a3c394abc21a9f641b941b714282ec5438908cb
docs/quality/BOUTONS_SOURCES_ADMIN_2026-09-23.md,Campagne ou procedure specialisee,"Verifier date, limites et etat courant",1702,11,ef62279d35a50a7d19cc60d5383a8cc2e9fb6e6e8a310751c08de1a7f6a70fa3
docs/quality/BRANCHES_2026-09-24.json,Campagne ou procedure specialisee,"Verifier date, limites et etat courant",3854,164,afb7aeca8f39b3498d922af928d35ee1bc9784091a7fc5ac7bb2206c0f193247
docs/quality/CAMPAGNE_FINALE_2026-09-19.md,Campagne ou procedure specialisee,"Verifier date, limites et etat courant",7617,64,0a0a53cb0e7bf7009b76da26cd4c6b39042546fd399ad2ee2cb1800b80ffec7d
docs/quality/CANDIDATURES_INCOMPLETES_2026-09-21.md,Campagne ou procedure specialisee,"Verifier date, limites et etat courant",1321,7,db770325a2e180499ee7f1cc894ee68ac5e0b3505f363c2b569250f2ebbed3ff
docs/quality/CATEGORISATION_ANNONCES_2026-09-18.md,Campagne ou procedure specialisee,"Verifier date, limites et etat courant",3533,25,33547d2960ccc6ee9623353ff6605ba4a4b1ef3fb39ff7048e80360e49075ed2
docs/quality/COHERENCE_BRANCHES_2026-09-21.md,Campagne ou procedure specialisee,"Verifier date, limites et etat courant",3417,32,8701b9467a749db6de7fa01369c1580e860c20c48fd5639805c15cd5f2d17cc2
docs/quality/COLLECTE_NATIONALE_PRODUCTION_2026-09-17.md,Campagne ou procedure specialisee,"Verifier date, limites et etat courant",5214,45,246d8deaf18028f684b29eb8f66cd57f5eba85202db6dbfabbd7d7ca497ec282
docs/quality/COMPARAISON_FICHIERS_2026-09-24.json,Campagne ou procedure specialisee,"Verifier date, limites et etat courant",450672,12214,a5945d45b2e22d07f8d2c7d4f0549755d52449ca0d57cb4e12a9441923f483e3
docs/quality/CONCURRENCE_ACTIONS.md,Campagne ou procedure specialisee,"Verifier date, limites et etat courant",3741,16,37ffefacf40fb1c9bbe13c440d4ca86ee99d9f5407f2848fb8e7610e9916cfe8
docs/quality/CONFIGURATION.md,Campagne ou procedure specialisee,"Verifier date, limites et etat courant",7613,56,ce34f5d60b4442727fe4a2db4e2c24fde910581a936e3deb87a2fd0c286f9912
docs/quality/CONVERSIONS_ENTREPRISE_2026-09-19.md,Campagne ou procedure specialisee,"Verifier date, limites et etat courant",6168,47,d4755e6e1092c81504c6d7e715bb7fc3356fecee57c32dd1e619f7e486608fb7
docs/quality/CORRECTIONS_AUDIT_2026-09-23.md,Campagne ou procedure specialisee,"Verifier date, limites et etat courant",9325,83,a9cc4620106d337c7ab516c7e41cc4266a131d1d0ac2f839b1cca5d8d953af00
docs/quality/CORRECTIONS_COMPTE_MISSIONS_2026-09-21.md,Campagne ou procedure specialisee,"Verifier date, limites et etat courant",1463,9,525ae2416662c6d8bb434cf0a87a1d72b5bc859f721d657e5d20a96b3c39034a
docs/quality/CORRECTIONS_SECURITE_PWA_2026-09-18.md,Campagne ou procedure specialisee,"Verifier date, limites et etat courant",4102,36,93c1a16ba8f2022dd4dc50a73fc794eddf2b8a1e1a464cae5c044f669b0c2f9f
docs/quality/CRENEAUX_AGENCE_2026-09-21.md,Campagne ou procedure specialisee,"Verifier date, limites et etat courant",1045,7,f852ce40935a5716233d544debd104e1f25b9276e0abe7622c4fe389985d3b13
docs/quality/CV_APPLICATION_STOCKAGE_2026-09-21.md,Campagne ou procedure specialisee,"Verifier date, limites et etat courant",1934,16,cab96ea9b9cc92d921ab3b55fad2bf0bbf413a17f2b5d490bacb0707006a96a7
docs/quality/DEMANDE_SUPABASE_POSTGIS_2026-09-23.md,Campagne ou procedure specialisee,"Verifier date, limites et etat courant",1388,11,7fa52c3e059a3c9086858facbeab4852db7d37dcdcab0b449fe6ffbd7b45e306
docs/quality/DESIGN_COULEURS_TROIS_ESPACES_2026-09-21.md,Campagne ou procedure specialisee,"Verifier date, limites et etat courant",2949,24,86d06482b5c166b2fd05733bf52be35c2c185a60908fbf6827619ea31ef11577
docs/quality/DIAGNOSTIC_MATCHING_2026-09-20.md,Campagne ou procedure specialisee,"Verifier date, limites et etat courant",5323,40,4e79a5420083c8fcb7e93176e2401e3dc167320a16391086dc0ff9b8b096f4c8
docs/quality/DISCORD_RESTRICTIONS_2026-09-21.md,Campagne ou procedure specialisee,"Verifier date, limites et etat courant",1268,11,6ef7d5a9e12d5b9674c5d1cb4d448cd13516972dd1efd9219eeb90de3c9e5003
docs/quality/DISCORD_VERIFICATION_2026-09-17.md,Campagne ou procedure specialisee,"Verifier date, limites et etat courant",1618,11,331314facc649c42f5db2f2cf5494bb87d31790f319ea4fda7224d64ef521a33
docs/quality/ESPACE_AGENCE_DESIGN_2026-09-21.md,Campagne ou procedure specialisee,"Verifier date, limites et etat courant",1741,13,0cb8797d8477f1b79f477fbeb993ebe16a8772938bc5974f5074fbc8542b7968
docs/quality/EXPLOITATION_REPRISE.md,Campagne ou procedure specialisee,"Verifier date, limites et etat courant",7480,50,1b9bd8c27cf7a19a6a5bf4f92f6ce05b01082ce850d096691ce327b65b93912f
docs/quality/GESTION_ETABLISSEMENTS_2026-09-21.md,Campagne ou procedure specialisee,"Verifier date, limites et etat courant",1447,9,d34c1eb3a0049748b433f1ee01f757bedff4d4c090f30364232c92276f182f35
docs/quality/IMPORTS_EXTERNES_PAGINATION_2026-09-17.md,Campagne ou procedure specialisee,"Verifier date, limites et etat courant",4142,41,fe0b47e585b1ffed14be97d89d58754aadcf61f18449c68c5c4642daf2a0230c
docs/quality/IMPORTS_SOBRIETE_2026-09-19.md,Campagne ou procedure specialisee,"Verifier date, limites et etat courant",3706,29,350115d1045187e2329105d7b7cc6c095ea0119e48163aa3c88d85b2f22e2cfa
docs/quality/IMPORT_CV_EXPERIENCES_2026-09-17.md,Campagne ou procedure specialisee,"Verifier date, limites et etat courant",3956,24,d6bd1b5474c829c335d7dc98f411aabdc60b9b7be2c8bb7e7103db94183aa605
docs/quality/INFORMATIONS_PERSONNELLES_VERROUILLEES_2026-09-17.md,Campagne ou procedure specialisee,"Verifier date, limites et etat courant",2282,11,16709d0175342bdd4e7aafa045aebaa3a74f5d3926922c7f9ce1a16f2951aae7
docs/quality/INTEGRATION_SIX_FONCTIONNALITES_2026-09-23.md,Campagne ou procedure specialisee,"Verifier date, limites et etat courant",4543,48,aa90f850df06c03e482fbb49819d73bbae079a293035652d52b7fc8987f1780b
docs/quality/INVENTAIRE_MISSIONS_FICTIVES_2026-09-17.md,Campagne ou procedure specialisee,"Verifier date, limites et etat courant",2265,19,dc4af02cf6892b1b3a1078a1690f095c2d6383155a118fc20ec605532eda7288
docs/quality/Inventaire_49_missions_fictives_2026-09-17.pdf,Campagne ou procedure specialisee,"Verifier date, limites et etat courant",88829,,017a01da87c78d6cdec77c9efe0ffc0c5d4d92fe0dfb4f6f6bfd61f654c3a79a
docs/quality/LECTURE_CV_ENRICHIE_2026-09-19.md,Campagne ou procedure specialisee,"Verifier date, limites et etat courant",3128,23,c5bcc84358c79bced5d62c757e84119d72c366b55cd829c57510303e7961f5d8
docs/quality/LIMITEURS_PARTAGES_2026-09-19.md,Campagne ou procedure specialisee,"Verifier date, limites et etat courant",4722,42,9e139730f5acb98486b5c76727b1084b8c989205a7a23e72b570030fd3675d1b
docs/quality/LIVRAISON_ADMIN_MIXTE_2026-09-17.md,Campagne ou procedure specialisee,"Verifier date, limites et etat courant",5490,44,8cace5444219ac315daa385c5aa6659557dd9e860fdeae33edba5698ca978176
docs/quality/LIVRAISON_DEMANDES_PARTENAIRES_RIB_2026-09-17.md,Campagne ou procedure specialisee,"Verifier date, limites et etat courant",3094,19,d15ebe84b814921b85e7c805cfdb758ed39ed4c428fc07bc49d8c6c18549b82d
docs/quality/MATCHING_ACCESSIBILITE_SEO_2026-09-19.md,Campagne ou procedure specialisee,"Verifier date, limites et etat courant",7010,49,1ef10626f26c5329f303d3fbb9c63902a52fa616169b220cd0ceee6b6b1f2b67
docs/quality/MATRICE_42_TESTS_2026-09-19.md,Campagne ou procedure specialisee,"Verifier date, limites et etat courant",24228,133,23caa380a88b3cf16ef40d4109e1ab770cb8ad9042eb6eec33bfa35f8a450c09
docs/quality/MISSIONS_DEMONSTRATION_2026-09-18.md,Campagne ou procedure specialisee,"Verifier date, limites et etat courant",4650,28,f29c6ba3a3c35c49fdd88f8efd8fe21174b0b7f7a677ba094bf78e6eb7ed0228
docs/quality/MISSION_ADRESSE_2026-09-21.md,Campagne ou procedure specialisee,"Verifier date, limites et etat courant",1591,9,81da3c105c76b3188f20172ef999ad50f6a374c1e8101479d3a8439453320a95
docs/quality/MISSION_GUARDRAILS_2026-09-19.md,Campagne ou procedure specialisee,"Verifier date, limites et etat courant",4195,26,57d5fbe4ebfd5f76264a978066d22c8cd51cc53b5af63200d626f6eb8396281b
docs/quality/N8N_CONTINUITE_2026-09-19.md,Campagne ou procedure specialisee,"Verifier date, limites et etat courant",5252,41,7f095c9c4adec00e0b61d2cee08bc2f7f37cd14d32f76c6542301e827b12d3c3
docs/quality/NATIONAL_IMPORTS_PRODUCTION_2026-09-17.json,Campagne ou procedure specialisee,"Verifier date, limites et etat courant",3629,167,9dca05da62334d246fcc9a29aa1878eb807efe1257627ae57cf4d0b9a9ab87c6
docs/quality/NATIONAL_PUBLIC_CHECK_2026-09-17.json,Campagne ou procedure specialisee,"Verifier date, limites et etat courant",387,26,dd5a2e0bf92f130fb536006db165cacfa884ace21b57fae8053ab639fca90b9b
docs/quality/NETTOYAGE_DOUBLONS_2026-09-24.json,Campagne ou procedure specialisee,"Verifier date, limites et etat courant",2839,57,de3e41fe22c3736f7af3f66e88700860d291f0b91b43ea5215c56059370e4b38
docs/quality/OPTIMISATION_MATCHING_2026-09-20.md,Campagne ou procedure specialisee,"Verifier date, limites et etat courant",4090,48,e7358611e8990c432a3a4f922dd78c04a9568a33b7aaf7521326e0be33fdf7c3
docs/quality/PDF_MISSIONS_UNE_PAGE_2026-09-19.md,Campagne ou procedure specialisee,"Verifier date, limites et etat courant",2060,20,beb91e395ac2915b0b5041aa14c6bf88fd15254ca715a01f1a049f97ec984ee7
docs/quality/PERIMETRE_METIER_A06_2026-09-22.md,Campagne ou procedure specialisee,"Verifier date, limites et etat courant",3739,33,4993ed228dfba9765530433dbd2f269d30a2794683d03f2d44423dfb6ba091a6
docs/quality/POLITIQUE_CANDIDATURE_AFFECTATION_2026-09-22.md,Campagne ou procedure specialisee,"Verifier date, limites et etat courant",3914,37,69f001c56cb2395d869253f035471246ee9564b54aff094ce9572414ba94ac67
docs/quality/POSITIONNEMENT_SEO_2026-09-22.md,Campagne ou procedure specialisee,"Verifier date, limites et etat courant",5312,44,6a3552d85909be3bd4f9e95c9a98d9049a55d4cbfb4a6a112ab0ea6122aa9c7e
docs/quality/PREFERENCES_VISIBLES_2026-09-21.md,Campagne ou procedure specialisee,"Verifier date, limites et etat courant",1378,9,5a73858bcaf779cfc5e84d95a0eb69941a781c077eb1138f20956f829bbf0c7c
docs/quality/PREPARATION_CONTRAT_RETRAIT_CATALOGUE_2026-09-19.md,Campagne ou procedure specialisee,"Verifier date, limites et etat courant",3985,31,044ad4c975a945fbb773f6117b0cb9b9977b58df3048b8918bba7ce75daf0f1f
docs/quality/PROFIL_CANDIDAT_DESIGN_SEO_2026-09-18.md,Campagne ou procedure specialisee,"Verifier date, limites et etat courant",6394,59,ba87a963e830095c9c4651af7f17f8aa2a6b39b6827ad74a075c1c7483df1644
docs/quality/RECETTE_CONTRAT_PAGES_ADMIN_2026-09-19.md,Campagne ou procedure specialisee,"Verifier date, limites et etat courant",5962,36,f13c4f97870f9ead93cdf5d8ac17667735a2f02d39bdcacea373577eaabb1b7a
docs/quality/RECETTE_CONTRAT_TESTS_2026-09-19.json,Campagne ou procedure specialisee,"Verifier date, limites et etat courant",3158,128,1c4c5ce40a5a9886b5102140b30edfe461894cb75dbef545075e92391537a224
docs/quality/RECETTE_PARCOURS_CLIENT_2026-09-19.md,Campagne ou procedure specialisee,"Verifier date, limites et etat courant",8310,102,69c45ae44cc41df3b6c348c60a098140853def162e58c6d0bf234e974f7d34b1
docs/quality/RECETTE_PARTENAIRES_RIB_DEMANDES_PRODUCTION_2026-09-17.json,Campagne ou procedure specialisee,"Verifier date, limites et etat courant",989,35,2578f0b050c9d31216b7d5282b999d96ca8291a49b28b862d27ef43171506d12
docs/quality/RECETTE_PRODUCTION_2026-09-17.md,Campagne ou procedure specialisee,"Verifier date, limites et etat courant",8656,66,74bd825d37834125a423ed5ddba532a62c625239041f0bf7fc7dd0e164d85214
docs/quality/RECETTE_RIB_PRODUCTION_2026-09-17.json,Campagne ou procedure specialisee,"Verifier date, limites et etat courant",910,22,9107b56f91400225a4bb71d53271dddf6c1c883ba312dbcb6bcbeb9df1a4892b
docs/quality/RECHERCHE_DESIGN_125_SITES_2026-09-21.md,Campagne ou procedure specialisee,"Verifier date, limites et etat courant",20024,145,24f177c3d12cc3010c54e9271e6ca78c5228824fc614bf0313828d8b02826605
docs/quality/RECHERCHE_LIEU_INDEPENDANT_2026-09-17.md,Campagne ou procedure specialisee,"Verifier date, limites et etat courant",2061,13,f6de676c6ae587c76f3d2d98d67f52a56c73c505bb5f3970b31fea66da8008f6
docs/quality/RECOMMANDATIONS_DIAGNOSTIC.md,Campagne ou procedure specialisee,"Verifier date, limites et etat courant",6204,49,4df59b6c65cf06042eab673a7e177c2bea0cb960f63401a92b91b1cf2fc6c39d
docs/quality/RECUPERATION_AUTONOME_2026-09-19.md,Campagne ou procedure specialisee,"Verifier date, limites et etat courant",5530,41,13714539771ab6a922cf7d3c38641f6d2fff25b2358f53095eb5ea38aa8fa7a6
docs/quality/REFACTORING_A07_2026-09-22.md,Campagne ou procedure specialisee,"Verifier date, limites et etat courant",4279,42,2e5da98b25181d4caf3562b05de1d7c09281aac985c9dc0d67042a929c38bc59
docs/quality/REFONTE_MAQUETTES_2026-09-21.md,Campagne ou procedure specialisee,"Verifier date, limites et etat courant",2570,16,2c255b95fe51a9f94888233e7f02f9d6a3307e5408f3f283ab63b0dce3e0aef2
docs/quality/REGISTRE_TRAITEMENTS_POC.md,Campagne ou procedure specialisee,"Verifier date, limites et etat courant",3185,25,fdb3719ceb564aac9352128b74efcd7c7bc9ee5a0bc8608a6c6a6d0335dbf56e
docs/quality/REPRISE_BRANCHES_2026-09-24.md,Campagne ou procedure specialisee,"Verifier date, limites et etat courant",3093,27,a5a33801689e6a2cf9824006e379368a69de19e18e62a7b69411b9806f8f3e6b
docs/quality/REVUE_CODE_2026-09-21.md,Campagne ou procedure specialisee,"Verifier date, limites et etat courant",4798,38,4b3dd669ab38e0588525b52ac36e7bd4e5e60fc497094ef2e34154a89a88a863
docs/quality/REVUE_DEPOTS_2026-09-24.md,Campagne ou procedure specialisee,"Verifier date, limites et etat courant",6156,54,b294da0cd383ccaf067ffda8e3e04a5145343ac730ae8462d2d514019955cb2c
docs/quality/REVUE_SECURITE_18_SCENARIOS_2026-09-21.md,Campagne ou procedure specialisee,"Verifier date, limites et etat courant",8766,45,9709dd56946003999d5e11d552d329c29d6d89f4945bd2ea7ecb4bdaee0266ac
docs/quality/RGAA_CORRECTIONS_2026-09-20.md,Campagne ou procedure specialisee,"Verifier date, limites et etat courant",1853,19,aa5f929643472e9c21d2b3753e2255a6c79d24f6caa69d90e46ed6d2d845e515
docs/quality/RGAA_ESPACEMENTS_2026-09-20.json,Campagne ou procedure specialisee,"Verifier date, limites et etat courant",1558,98,15d0011bfbd15961cd16acbd6d30e9cb2b6045b83a7bb72eb1742f810fc840c3
docs/quality/RIB_ANALYSE_AUTOMATIQUE_2026-09-17.md,Campagne ou procedure specialisee,"Verifier date, limites et etat courant",1846,11,67771a4456e9e7ba3e205d1fe949214e3c598c9684c6c4c877f15d5d710c375c
docs/quality/RIB_CAMERA_ANALYSE_2026-09-17.md,Campagne ou procedure specialisee,"Verifier date, limites et etat courant",4252,37,ba3a33624229a729c7b9d91dc47912df1b4ffdc4d64c320d7d4bb867c353d1d6
docs/quality/SAUVEGARDES_OPERATIONNELLES_2026-09-19.md,Campagne ou procedure specialisee,"Verifier date, limites et etat courant",3485,34,07b467f2af6c89ee9b6379df83c89c9572ceffae7efefa6c3c2f629bb268a9c9
docs/quality/SECURITE_CORRECTIONS_2026-09-20.md,Campagne ou procedure specialisee,"Verifier date, limites et etat courant",7824,66,a867b3b5757cfce5ca3716614d0f2e4f91ca03893c54b9dcf0ab447319eea052
docs/quality/SECURITE_CORRECTIONS_2026-09-21.md,Campagne ou procedure specialisee,"Verifier date, limites et etat courant",4842,42,97bf1cd5b1423f1c2ea25a6729d25ff3c205e6abbca2f6ecdbcd7adf0a1d37b4
docs/quality/SUIVI_AUDIT_A01_2026-09-22.md,Campagne ou procedure specialisee,"Verifier date, limites et etat courant",5309,44,d2614d763bfc2f35b8fb6d299a59ac007c5a23424082610acd830da687841705
docs/quality/SUIVI_AUDIT_FINAL_2026-09-23.md,Campagne ou procedure specialisee,"Verifier date, limites et etat courant",5862,34,165ddf2430338b58d5d2cbefe929578b44e466914507dce8505ac1f4db033c94
docs/quality/TESTS_NAVIGATEUR_ERREURS_2026-09-20.md,Campagne ou procedure specialisee,"Verifier date, limites et etat courant",2908,22,52ab8bcf15236e0ce71f74afbbb3c1d0ea73af4e19a87b8887a60c90a8c5acd2
docs/quality/TICKET_DATES_PREUVES_2026-09-19.md,Campagne ou procedure specialisee,"Verifier date, limites et etat courant",6288,45,0b88dee9b6011aee2ae37d403fea462c3d84e907865a3ff815771d5dd68acd34
docs/quality/TROIS_ESPACES_DESIGN_2026-09-21.md,Campagne ou procedure specialisee,"Verifier date, limites et etat courant",2384,20,2473638447beb34deae05fcb3005808839c1e0e8615d1eae1b25ce151ad9bedb
docs/quality/TUTORIELS_VIDEO_2026-09-21.md,Campagne ou procedure specialisee,"Verifier date, limites et etat courant",3351,30,ba032f28502cd49c96fee7f8d5baf13a7e98336dfa42ac2213e4b6ed303f5c07
docs/quality/VAULT_MAINTENANCE_MANUELLE.md,Campagne ou procedure specialisee,"Verifier date, limites et etat courant",2418,26,3980700c79a5cd49eca4a36974346972136fb29c6b64367a8f2fed2866af25ce
docs/quality/VIDEOS_AIDE_VOIX_2026-09-21.md,Campagne ou procedure specialisee,"Verifier date, limites et etat courant",2150,23,cdf9a83359b826a239d49478d252bb9ee8a34ed91ac8317219afeea00f6735ce
docs/quality/VOS_CRUSHS_2026-09-21.md,Campagne ou procedure specialisee,"Verifier date, limites et etat courant",1685,11,379b3cbf5dd486f8b874647b1081a66a4ff1fdb5f3d4dbb37713e5ca64f836fc
docs/quality/ZONE_RECHERCHE_ALERTES_2026-09-20.md,Campagne ou procedure specialisee,"Verifier date, limites et etat courant",2319,17,e8eceaff7bad231894c590aa2711c088318c6deee3e5c29ea00ff526611c13d1
docs/quality/admin-import-status-1440.png,Campagne ou procedure specialisee,"Verifier date, limites et etat courant",138003,,ae7f0529a9f704b9d5cc81f34acc30e193a3cdfbab2c5225ba408b43cc384a09
docs/quality/admin-import-status-375.png,Campagne ou procedure specialisee,"Verifier date, limites et etat courant",129037,,5275bc251fb510484fac30f7f4fcbf2d15b202469ae9d8b4c8cd8ab184d1e4fd
docs/quality/admin-production-activation.png,Campagne ou procedure specialisee,"Verifier date, limites et etat courant",79040,,7acc3d85f8dbe842b02085d94c99a84a8235e9eb56360ec9147d4270738a2022
docs/quality/frontend-checks.json,Campagne ou procedure specialisee,"Verifier date, limites et etat courant",3370,185,6e367d690451241854bf83da1b2a6f32e4b715ad7b0d53c672bd310cc15bc960
docs/quality/frontend-quality-2026-09-17.md,Campagne ou procedure specialisee,"Verifier date, limites et etat courant",9474,84,412797e15b6f0a3d2a834d29934996146bd11072fb64f1d5f930f2182ff74657
docs/quality/installation-1440.png,Campagne ou procedure specialisee,"Verifier date, limites et etat courant",134985,,28a0d8bf7937bfdabd6c16dea13a997a9a008bdc525358e311116a85ff1976d7
docs/quality/installation-390.png,Campagne ou procedure specialisee,"Verifier date, limites et etat courant",112075,,f30054f4bf5f9ea7c3a1fdd7c5325121c6e04ea58056bf3af37d47994c154fb5
docs/quality/main-protection.json,Campagne ou procedure specialisee,"Verifier date, limites et etat courant",428,19,7467c45e97e80a0de0cbda721821b3571848abcc14ca1826534e6d2c722bdf1c
docs/quality/restore-synthetic.json,Campagne ou procedure specialisee,"Verifier date, limites et etat courant",527,20,70294c030662c1b0eb5a143566fc53c4838546518b93ec446928df6f6b90a579
docs/quality/rib-review-1440.png,Campagne ou procedure specialisee,"Verifier date, limites et etat courant",231979,,53014e733ed10f70ea41b8014893ebd7160def6c6ade68b8fd3a7dbb071a415e
docs/quality/rib-review-375.png,Campagne ou procedure specialisee,"Verifier date, limites et etat courant",207064,,fd71a2ab4a94a03bd5486a7e4c2dfb2b005819e2e2c8f0e8502cab213e52cde0
docs/quality/tests-final-summary-2026-09-19.json,Campagne ou procedure specialisee,"Verifier date, limites et etat courant",4449,231,55feaa2c857df41fed54ba18140212b55627514670dd739f3a2b95cf614f0c0f
docs/references/D-WEB-901-project.pdf,Reference du sujet,Source externe; aucune instruction automatique,641443,,120bfcee4759b994c7e648e095e4f26ebf5ef48bf4d82decfd6d2bee6e85b1d2
docs/references/Interimatch_Sante_Catalogue_Complet_Fonctionnalites.docx,Reference du sujet,Source externe; aucune instruction automatique,45457,,079fd23d9584543e0c7eea16f0f15ff9d1cd94d8d945ac09e68fcf1bee99337f
docs/references/README.md,Reference du sujet,Source externe; aucune instruction automatique,557,5,a501ce5b9b99683314d43648ef783d67b3d2ffba570bace0f419c29ff3ee7945
docs/rendu/2026-09-23/.gitattributes,Livrable et sources de generation,Lire le manifeste et ETAT_COURANT.md,62,3,56b051e599e3046be42240f5ed8bde53f7db539631eaae09bc369fa86392853d
docs/rendu/2026-09-23/01_CAHIER_DES_CHARGES.md,Livrable et sources de generation,Lire le manifeste et ETAT_COURANT.md,4161,43,30c1f8f60c57b37148204cb8a773dee57eb2fd94d9ca2f7e6b151a7409e90be8
docs/rendu/2026-09-23/02_DEPOT_ET_INSTALLATION.md,Livrable et sources de generation,Lire le manifeste et ETAT_COURANT.md,1896,39,fce2d557edcb307953a303df8474b81aa4f54ac603a87b4f577d87d968882778
docs/rendu/2026-09-23/03_WORKFLOWS_N8N.md,Livrable et sources de generation,Lire le manifeste et ETAT_COURANT.md,1775,24,c42ea3fa7de7c6e71e29efae7c805626e87168a7df5fa2ec6d5e4dafbc384a58
docs/rendu/2026-09-23/04_DONNEES_PUBLIQUES.md,Livrable et sources de generation,Lire le manifeste et ETAT_COURANT.md,2452,36,831f81032da5a4e78adc896967579c8967b51a7f2dd2398750303a17c0ffca13
docs/rendu/2026-09-23/05_ETUDE_DE_MARCHE.md,Livrable et sources de generation,Lire le manifeste et ETAT_COURANT.md,3964,41,aa670c0e7825ad079bcc304aeecec976a589d18fe73b77af1752032d284f7e3d
docs/rendu/2026-09-23/06_CHIFFRAGE_REEL.md,Livrable et sources de generation,Lire le manifeste et ETAT_COURANT.md,1625,11,ad54358390be0261a4e235b216d13e90d0366f45bdd8db98cc99666b95141044
docs/rendu/2026-09-23/07_PITCH_ORAL.md,Livrable et sources de generation,Lire le manifeste et ETAT_COURANT.md,5260,57,3c703937c6d4c0de1b9326b64146d50c1f4e2cf92dbb8c83a23c77f6059e5504
docs/rendu/2026-09-23/08_PREUVES_ET_RESERVES.md,Livrable et sources de generation,Lire le manifeste et ETAT_COURANT.md,2620,27,43a2bd7f6fde9ffa0a6ef44d5b30f074b5155d53c5e771e7eeea913697a2ef73
docs/rendu/2026-09-23/09_COUTS_PRODUCTION.md,Livrable et sources de generation,Lire le manifeste et ETAT_COURANT.md,10700,80,d53a496e9145516c9ea7c581a30d9f9c286c5c7cd32c80f1576ca66b4d1e35ba
docs/rendu/2026-09-23/CHIFFRAGE_ESTIME_REEL.csv,Livrable et sources de generation,Lire le manifeste et ETAT_COURANT.md,1649,19,d3089c6d0fa39f522fcbda3fac571bf665356f2b8388465c750d0a27c3132dce
docs/rendu/2026-09-23/CHIFFRAGE_ESTIME_REEL.xlsx,Livrable et sources de generation,Lire le manifeste et ETAT_COURANT.md,10305,,22be6a0f78124cade450a4a11de46d217aa11566353efde53b4c793126b9b32e
docs/rendu/2026-09-23/COUTS_PRODUCTION.xlsx,Livrable et sources de generation,Lire le manifeste et ETAT_COURANT.md,9679,,48bfc39e59fe70b0e254619c6a3a5eefd7767a46eac01fd69bb78621297c9da1
docs/rendu/2026-09-23/DOSSIER_RENDU.docx,Livrable et sources de generation,Lire le manifeste et ETAT_COURANT.md,51729,,36fa3190000ac3938533ec2f47e0463f5e4ec9f374304066bd7c421b1225d9fb
docs/rendu/2026-09-23/InfiMatch_Soutenance_2026-09-23.pdf,Livrable et sources de generation,Lire le manifeste et ETAT_COURANT.md,92410,,c536ec3f074f60d39e0c3918daaecffa9508da3ad16b7e3854cb6c0cfd17d108
docs/rendu/2026-09-23/InfiMatch_Soutenance_2026-09-23.pptx,Livrable et sources de generation,Lire le manifeste et ETAT_COURANT.md,73164,,70fec50ca950ad31ffe72b48e5f39942d37bf2b87d3b616d68dab47cc8caaeb3
docs/rendu/2026-09-23/InfiMatch_Soutenance_Pro_2026-09-23.pdf,Livrable et sources de generation,Lire le manifeste et ETAT_COURANT.md,1342797,,481e0532ab29fa637c256bffc736e546488e6c38bfa2a1cb2592411a43e9f097
docs/rendu/2026-09-23/MANIFEST.json,Livrable et sources de generation,Lire le manifeste et ETAT_COURANT.md,7262,215,5a4fa5139bcf3885ba0451c60a23b3b38f1dadbae861387a8d180eec57a53bb8
docs/rendu/2026-09-23/README.md,Livrable et sources de generation,Lire le manifeste et ETAT_COURANT.md,3350,33,f77633a58238cfd7d497d179a346bb2ca65d7cad2ea3b104152c55b8f9641ba7
docs/rendu/2026-09-23/VALIDATION.json,Livrable et sources de generation,Lire le manifeste et ETAT_COURANT.md,294,9,6d7190dcdcb8272daa13ed1b0363bf335b4a594963e13ba64cb68f95154ce992
docs/rendu/2026-09-23/VALIDATION_COUTS.json,Livrable et sources de generation,Lire le manifeste et ETAT_COURANT.md,551,17,1de53f661a0084d2a792707b19e129af6421ca790d7b348445d6c3331923797e
docs/rendu/2026-09-23/apercu-couts-11.png,Livrable et sources de generation,Lire le manifeste et ETAT_COURANT.md,57138,,bad1afc5efe2bdb20ae08b691a7b899712919a30da4daef1d5c24e192e966306
docs/rendu/2026-09-23/apercu-couts-12.png,Livrable et sources de generation,Lire le manifeste et ETAT_COURANT.md,57439,,744d5f2e90fe223de25ab059cb00644b98bb3f97ec60b4903f1f59a6e017fcf6
docs/rendu/2026-09-23/apercu-design-pro.png,Livrable et sources de generation,Lire le manifeste et ETAT_COURANT.md,400832,,e19b0d0c73382642d6221e430ad3d47d7140eb9a44828e893b58f3f4f580708b
docs/rendu/2026-09-23/apercu-soutenance.png,Livrable et sources de generation,Lire le manifeste et ETAT_COURANT.md,342064,,2f2f8b147539723af35fd6540af6900dca29266928d6b8806953ba57a5be3b1c
docs/rendu/2026-09-23/assets/README.md,Livrable et sources de generation,Lire le manifeste et ETAT_COURANT.md,399,7,298cbf12635afd5a4d2db4c4008a41ed4278e4b4ae889405a17140e41fd2a579
docs/rendu/2026-09-23/assets/epitech-blanc.png,Livrable et sources de generation,Lire le manifeste et ETAT_COURANT.md,19525,,156bb22905566ecc8a1ce8a5122b3c3aacd7ecd5cbb1b38f2b0b4b609a340ef9
docs/rendu/2026-09-23/assets/epitech-noir.png,Livrable et sources de generation,Lire le manifeste et ETAT_COURANT.md,19529,,88bc76d344519ea6e7466d17e0f20280c29d35602131d2db8ebb97291f184df6
docs/rendu/2026-09-23/assets/infimatch.svg,Livrable et sources de generation,Lire le manifeste et ETAT_COURANT.md,679,1,71282d2db8c4419e8c733fe8d54ae9f9b5f0dd5018ef7635d6ac449a1249b8b7
docs/rendu/2026-09-23/calcul-couts.py,Livrable et sources de generation,Lire le manifeste et ETAT_COURANT.md,1917,24,77c81ebe982e15b603dda0b69387300ddf9a0b45bc7d7c3e145d90434f7e127d
docs/rendu/2026-09-23/couts-production.json,Livrable et sources de generation,Lire le manifeste et ETAT_COURANT.md,2319,105,d0c84a37f744761cad32b045db0be0830403830e8b6e333289026c8a667b5478
docs/rendu/2026-09-23/couverture-design-pro.png,Livrable et sources de generation,Lire le manifeste et ETAT_COURANT.md,142731,,78c17e8ff322343e702ec70fdcc286b19142649bbe5d9cf939e7428500a520bf
docs/rendu/2026-09-23/demonstration-finess-resultat.json,Livrable et sources de generation,Lire le manifeste et ETAT_COURANT.md,2322,86,b818967203627a664451ad54c2dc9eefb1e004043bc6af4c623b69144c573569
docs/rendu/2026-09-23/demonstration-finess.cjs,Livrable et sources de generation,Lire le manifeste et ETAT_COURANT.md,1904,22,75a22576204b071704cfa078fded39786505fe97fb5b91d6e304fbfb906c860f
docs/rendu/2026-09-23/generate-design-pro.py,Livrable et sources de generation,Lire le manifeste et ETAT_COURANT.md,15569,221,c2bb0cc56839654bf0a30a6a21d9cc4c81f5d5af6c78bd50c88fd7ae1d42cdce
docs/rendu/2026-09-23/generate-pitch.py,Livrable et sources de generation,Lire le manifeste et ETAT_COURANT.md,4319,64,bbc2007ce678dcfbc7d2f1882c779856966d154aa1c9142502b8ffd03213c6d7
docs/rendu/2026-09-23/n8n/README.md,Livrable et sources de generation,Lire le manifeste et ETAT_COURANT.md,591,7,6663470f090510cb49fe842491428e64fd6728670c688c7b8162d61b0f722bda
docs/rendu/2026-09-23/resultats-couts.json,Livrable et sources de generation,Lire le manifeste et ETAT_COURANT.md,892,31,46a0e9c7a6b4cc2b88d8ce28ebbfb7186a8fa4fae031cb0e9accefad8cd2bdc5
docs/rendu/2026-09-23/slides.json,Livrable et sources de generation,Lire le manifeste et ETAT_COURANT.md,11687,158,3fde691b790aab98f41bdc9080639a817e488ba81291c9950b4fc7ee9f294780
docs/rendu/2026-09-23/validation-design-pro.json,Livrable et sources de generation,Lire le manifeste et ETAT_COURANT.md,26462,1305,9746714543b2f49b3b855bf2305c0103113e56cab5871a3844e61787e59ccb55
docs/rendu/2026-09-23/validation-layout.json,Livrable et sources de generation,Lire le manifeste et ETAT_COURANT.md,2471,158,1c56a431907f51a1bf931cc08236728b11f4eb1e9fbb3c999c396d4b5b150c4c
docs/rendu/2026-09-24/InfiMatch_Dossier_Notifications.pdf,Livrable et sources de generation,Lire le manifeste et ETAT_COURANT.md,250898,,239635df891f41550a044db68ca32adf6227397698ae8fcbffca9dd80f83500e
docs/rendu/2026-09-24/InfiMatch_Soutenance_avec_notifications.pdf,Livrable et sources de generation,Lire le manifeste et ETAT_COURANT.md,1592414,,9346c338b7d31673ba62d335fe3c46fe0f06baf5f023aa0c7690b8607b09b99e
docs/rendu/2026-09-24/schema-discord.png,Livrable et sources de generation,Lire le manifeste et ETAT_COURANT.md,70378,,2d26318b8694b62df9384e8842bc14ad95dab45631f7254dbfd8bfe922356e23
docs/rendu/2026-09-24/schema-discord.svg,Livrable et sources de generation,Lire le manifeste et ETAT_COURANT.md,56816,1759,4c97f34f14a46b48886b14feea9a9e411f6f9f484d44837c5184e6f639eec26a
docs/rendu/2026-09-24/schema-mail.png,Livrable et sources de generation,Lire le manifeste et ETAT_COURANT.md,65245,,3c7b798adda4b0c4369232ec57f56644a511f648b35b34db802af315251569ac
docs/rendu/2026-09-24/schema-mail.svg,Livrable et sources de generation,Lire le manifeste et ETAT_COURANT.md,57573,1837,32bd0c01c2253a7fb16848c8bec9135a70982414a406cf59213ae2735612257f
docs/rendu/2026-09-24/schema-n8n.png,Livrable et sources de generation,Lire le manifeste et ETAT_COURANT.md,59989,,f3c3c4ca98593c6f24b8ab7f7c874481dc9aaaf3266edf42b58b94114f16da6d
docs/rendu/2026-09-24/schema-n8n.svg,Livrable et sources de generation,Lire le manifeste et ETAT_COURANT.md,56484,1923,006dc73b2304b9eeafd487d973d722b42e9ec61a6e12ddf402ae4ac2a029f5b5
docs/rendu/LIVRAISON_VERIFIEE.json,Livrable et sources de generation,Lire le manifeste et ETAT_COURANT.md,1683,28,1ba01b51cafc71970c4f99af01ab64502250af4bfc2dd912bd0172ca8ed3b73f
docs/rendu/README.md,Livrable et sources de generation,Lire le manifeste et ETAT_COURANT.md,5311,53,eb64ae651d99118024664ac84be33377a1a1ad9112e208f525343cc50ec02a6e
docs/rendu/RECETTE_FINALE.csv,Livrable et sources de generation,Lire le manifeste et ETAT_COURANT.md,3293,14,40b1b2c59383b897a04104ad186a1ce045495948b4757ca0b19f5cc540cbba14
docs/rendu/RECETTE_HUMAINE_GUIDEE.md,Livrable et sources de generation,Lire le manifeste et ETAT_COURANT.md,3017,23,c628b42ce08c9e77cdf7563824b863b86f64012a27f1decab980b09b4a7f525e
docs/rendu/TEMPS_HUMAINS.csv,Livrable et sources de generation,Lire le manifeste et ETAT_COURANT.md,67,1,f9728f724cacb55dc80f5c987f9814a3e2c0cf3619de2eafba3f906ffdd3db16
docs/rendu/VERIFICATION_DOCUMENTAIRE.csv,Livrable et sources de generation,Lire le manifeste et ETAT_COURANT.md,14501,121,e3ab4027c4577265f7ed63d0f715b68dea36def15d40014e6277b89e2a5e7ed8
docs/supabase-migration.md,Guide technique,Lire conjointement avec ETAT_COURANT.md,7179,52,6d5bffb42295acece800eb12e57addd1045faf879dc692fbe6c5b86edd56e805
docs/synchronisation-main-20260923.md,Rapport historique,Resultats limites a sa date,1617,15,93bf2e1a72402106e5e4b506f0264eaa6d546630289d6946fa642e4d12a7e048
docs/unit-coverage-95.md,Guide technique,Lire conjointement avec ETAT_COURANT.md,3011,28,9bca5048fa2ac1aedb91207f181928a0e18f41964d47156d4a9b972aa284afdc
docs/verification-branches-20260923.md,Rapport historique,Resultats limites a sa date,3609,33,431cdbd9c0353cee11a260d626311c4f289439910e6e84e22b857031cc604faf
